sentence,CSR,キャリア支援,コスト削減,意欲向上,家庭支援,健康増進,地域対策,働き方改革,風土改革,利用促進,離職防止
共済会としてＦＰの専属契約（相談など）やメンタルヘルス、オリジナルセミナーなどを行っているが組合として福利厚生には「育児介護リフレッシュ」メニューの充実を望んでいる。,0,0,0,0,0,1,0,0,0,0,0
20年オリンピックイヤーに向けたホワイト500又は健康経営等の具体策も未。,0,0,0,0,0,1,0,0,0,0,0
道北を中心に道内に複数個所病院があるため、公平性の観点からカフェにて検討となる。,0,0,0,0,0,0,1,0,0,0,0
ポイントは地域開発と利用促進（継続的な冊子等の作成）と利便性,0,0,0,0,0,0,0,0,0,1,0
（３）仕事で海外に出張する方も増えてきているが、教育費としては通信教育費だけしかでていないとのこと。,0,1,0,0,0,0,0,0,0,0,0
しかしながら職員組合からの抵抗も必須であることから改革による制度の公平性の実現と現行制度を補完できるコンテンツを含め費用対効果について今後はなしを詰めていきたいとのこと。,0,0,1,0,0,0,0,0,0,0,0
事務の方には、自己啓発や教育の分野の強化を図りたい考え。,0,1,0,0,0,0,0,0,0,0,0
一方で教育や育児介護に関して力を入れていきたいとの考えがあり、汎用サービス以外でどのようなサービスが受けられるか知りたいとの事。,0,1,0,0,0,0,0,0,0,0,0
事務の方には、自己啓発や教育の分野の強化を図りたい考え。,0,1,0,0,0,0,0,0,0,0,0
社内の評価制度の見える化、社員のやりがいアップ（生産性向上）等で、導入企業ありと紹介。,0,0,0,1,0,0,0,0,0,0,0
理由としては「小売業という特性上、社内の経費はできるだけ抑えて、顧客へ還元安売り」する主義であるため。,0,0,1,0,0,0,0,0,0,0,0
小1の壁に悩まされ、離職される方が多いため、育児関係にも力をいれていきたいと考えてはいるとのこと。,0,0,0,0,0,0,0,0,0,0,1
社員のニーズの多様化にPKGだけでは対応できなくなってきている。,1,0,0,0,0,0,0,0,0,0,0
ニーズの多様化への対応（PKGだと対応できないと感じている）,1,0,0,0,0,0,0,0,0,0,0
CRM「え」を特典として提供することが、空室率入居率の改善にどこまで寄与できるのか不透明（費用対効果が見えない）,0,0,1,0,0,0,0,0,0,0,0
労組について担当者より労働組合へ検討状況を伝えたところ、公平性を担保するため「フルPKG」の希望あり。,0,0,0,0,0,0,1,0,0,0,0
人材不足人材定着を課題として、認識している,0,0,0,0,0,0,0,0,0,0,1
ホワイト500をとるために、現在社内で健康について会議を重ねている。,0,0,0,0,0,1,0,0,0,0,0
ダイバーシティの多様化からそのようなことを考えているとのこと。,1,0,0,0,0,0,0,0,0,0,0
近年PKGのマンネリ化や、利用率も下がってきているため、カフェでの拡充と、社内での住宅補助などをカフェに移行したいとの要望や、社員のニーズも多様化してきているとの事。,1,0,0,0,0,0,0,0,0,0,0
カフェ導入の背景としては、5年前にR社を導入し、社員の多様化への対応等でPKG+カフェ（15000P/人）を導入,1,0,0,0,0,0,0,0,0,0,0
働き方改革の推進、フレキシブルな時間労働、Web化推進、労働組合様含めた利用促進強化,0,0,0,0,0,0,0,0,0,1,0
仕事としてダイバーシティの推進が行われている。,1,0,0,0,0,0,0,0,0,0,0
ホワイト500取得目指し有給取得推進していたため、旅行実績も伸びたとのこと。,0,0,0,0,0,1,0,0,0,0,0
先方の希望としては、介護離職を防ぐためにいかに安心を担保できるかというところを主軸において、検討している。,0,0,0,0,0,0,0,0,0,0,1
大幅に利用が伸び、語学に力を入れていることから、社内教育として導入を提案をする。,0,1,0,0,0,0,0,0,0,0,0
大成建設では５０名の育休中の女性社員に、通信教育などを通じて成長支援したい意向でプログラム選定をすすめている。,0,1,0,0,0,0,0,0,0,0,0
社内コミュニケーションの活性にも役立つ,0,0,0,0,0,0,0,0,1,0,0
【健康増進コミュニケーション活性化】,0,0,0,0,0,1,0,0,1,0,0
２０１７年度までは、日本オーナーズクラブも契約していたが、利用者の偏りと費用対効果の問題で廃止。,0,0,1,0,0,0,0,0,0,0,0
（また、離職防止の意味合いもある（離職は少ないが）年に数回、集合研修を実施しており、表沙汰は自己研鑽に励んでもらうためだが、社員同士のコミュニケーションが取れる機会を提供する、といった会社の狙いもある。また、年に１回全社員を東京に呼んでホテルで懇親会？を行っていたが、所管の税務署から交際費で落とせる限度を超えている、などの指摘が入り、２．３年ほど前から廃止。（内容は、飲食が中心だが、芸能人を呼んでのイベントなども行っていた）社員旅行も行っているが、仲のいい人同士での参加の為コミュニケーションの活性化には、繋がっていないとの認識。会社としては、年１回全社員が参加できるイベント（以前より費用を抑えた形で）など今後も視野に入れて検討していくが、継続的に社員がコミュニケーションを図れる様な施策も検討していきたいとの事(出来ればスマホ上などで実施できる施策がよい）健康増進社是で「お客様の為になることをする」を掲げており、社員が健康でない限り実現は不可能との事で、健康に対しての取組も強化していく。現状健康に関しての取組はない。スポクラと法人契約の話も昔上がったが地域には店舗がないなどで、見送り。会社としても、健康に無関心な人をどう惹きつけるかの動機付けが大事と考えており、そこに対しての取組も視野に入れる。特段社員の健康状態が悪いという訳ではないが、平均年齢も上昇してきており、社員に長く働いてもらうための一環として、施策を検討。目標は、社員が健康で働ける環境整備（意識の改革）ホワイト500の取得。２、今後の方向性話を聞いた内容踏まえ、健康経営Habidoの紹介や、運動会等の事例等紹介。また、役員の性格として同業他社の取り組みなど非常に敏感との事で、産業用ガス会社の主な取り組み事例、を調べ提示。,0,0,0,0,0,0,0,0,1,0,0
組合としては、個々人の福利厚生利用というよりも、社員間コミュニケーションに重きを置いているためPKGには否定的。,0,0,0,0,0,0,0,0,1,0,0
全国に事業所があるため地域の公平性をしたいというのが組合の要望。,0,0,0,0,0,0,1,0,0,0,0
弊社の考える健康とは「健康への無関心層」をTGTに社員の意欲向上へ寄与するような制度を構築することホワイト500や健康銘柄取得維持のためのコンテンツ提供（取得後のケア）することだという考えのもと、、これに適応できる制度として「オフィスDE健康（仮称）」を留美さんより紹介。,0,0,0,0,0,1,0,0,0,0,0
コストをうまく配分し、個人の余暇活用とコミュニケーション支援の両立を図りたい。,0,0,0,0,0,0,0,0,1,0,0
社員目線で制度の周知を検討することが、働き方改革にも通じるとの感想をいただく。,0,0,0,0,0,0,0,0,0,1,0
東京本社社員現状制度知らないため、周知活動強化求める声多い,0,0,0,0,0,0,0,0,0,1,0
重視するのは導入後の利用促進サービスの使いやすさテルモの重視するテーマを今後一緒考えてくれるか送付資料,0,0,0,0,0,0,0,0,0,1,0
社員同士のコミュニケーションも活発にとれており、離職率もかなり低い。,0,0,0,0,0,0,0,0,1,0,0
問い合わせの理由として、ニーズの多様化によって社員のニーズに合わせることが出来なくなった為。,1,0,0,0,0,0,0,0,0,0,0
問い合わせの理由として、ニーズの多様化によって社員のニーズに合わせることが出来なくなった為。,1,0,0,0,0,0,0,0,0,0,0
本組織に関わらず組織として従業員のスキルアップに力を入れ始めている組織が多い。,0,1,0,0,0,0,0,0,0,0,0
導入に伴い、労組として「え」の周知強化を実施したい意向（労組として従業員満足度を向上することを責務としてとらえている）。,0,0,0,0,0,0,0,0,0,1,0
共済会としても認知度向上共済会加盟企業を増やすといったミッションもあるため2017年度もJBFと共存して利用促進を図る。,0,0,0,0,0,0,0,0,0,1,0
社長の交代従業員の健康意識向上（ホワイト500維持）従業員の英語レベル強化など福利厚生に関連した取り組みや傾向に注目が集まっているとのこと。,0,1,0,0,0,1,0,0,0,0,0
実際、本体には外国人労働者活躍推進担当がいることからも教育体制には力を入れているよ様子。,0,1,0,0,0,0,0,0,0,0,0
その他、個人の趣味が多様化しているため、もっとニッチなものも増えると良いのでは。,1,0,0,0,0,0,0,0,0,0,0
理由としては、同期がすごく仲良く助け合っているため、若手の離職率も低い。,0,0,0,0,0,0,0,0,0,0,1
理由として、全社的な働き方改革推進において、直近の急務として業務効率改善およびシステム合理化が発生した。,0,0,0,0,0,0,0,1,0,0,0
そもそもメンタル不調となる前のリフレッシュや健康意識向上社員感コミュニケーション活性化を図るとすれば100日プロジェクトが適しているのではないかという視点で紹介。,0,0,0,0,0,1,0,0,1,0,0
共済会としては業務上のコミュニケーション活性化を図るのではなく、遊びやプライベートなどオフの場（業務外）で学生講師がコミュニケーションを図る支援をしてあげたい。,0,0,0,0,1,0,0,0,0,0,0
また、従業員宅の電気代を会社が一部負担してあげることで福利厚生とし、従業員は電気代が劇的に安くなるメリットは離職防止、囲い込みになるというもの。,0,0,0,0,0,0,0,0,0,0,1
自転車業界は狭いが、福利厚生重視している同業界他社へ転職する人も多く離職防止策の１つとして導入を検討していきたいとのこと。,0,0,0,0,0,0,0,0,0,0,1
また、社長の方から勤務形態がシフト制なので、社員の方のリフレッシュや、やる気を上げるにも福利厚生の改善が必要との事で検討している。,0,0,0,1,0,0,0,0,0,0,0
東日本大震災の影響や、独占禁止法などにより、業績悪化中新たな経費捻出は難しい模様,0,0,1,0,0,0,0,0,0,0,0
部署ごとでのコミュニケーション活性化が目的。,0,0,0,0,0,0,0,0,1,0,0
"「ヘルスケア」\健康経営\"" \""ホワイト500\""について非常に関心が強い。""",0,0,0,0,0,1,0,0,0,0,0
「え」の導入は今のところ厳しい部分があるが、ホワイト500関連の事業については関心が強く、話が膨らむ可能性があり,0,0,0,0,0,1,0,0,0,0,0
 離職率は低い（ニッチな分野での多能工化から）,0,0,0,0,0,0,0,0,0,0,1
導入のメリットとして大きいと介護について現在介護で離職しても5年以内ならば復職できる制度があるものの、社として更なる取組が必要との認識で「え」の介護用品割引,0,0,0,0,0,0,0,0,0,0,1
業者決定の際のポイントはコスト削減（電力自由化等でかなり経費削減を行っている）/実利用者拡大（現状3割）のおおきく二つ。,0,0,1,0,0,0,0,0,0,0,0
自由化、発送電分離競争激化価格競争無駄な経費削減,0,0,1,0,0,0,0,0,0,0,0
出向者が増えている中での公平性な制度実現と利便性向上,0,0,0,0,0,0,1,0,0,0,0
サンコレ導入により、契約社員と正社員の公平化、既存顧客の解約抑制に努めても評価されない社内風土の改善、社内コミュニケーション活性化等を求めている。,0,0,0,0,0,0,1,0,1,0,0
現状課題は学生アルバイトやパートナー社員の早期離職。,0,0,0,0,0,0,0,0,0,0,1
看護師の採用で特別困っていることは無いとのことだが、今後の人材確保と離職防止の観点から有用と説明,0,0,0,0,0,0,0,0,0,0,1
事、病院としてネームバリューがあるため離職や採用での課題が薄いため,0,0,0,0,0,0,0,0,0,0,1
採用面等でもまったく困っていないし、離職率も低い状態で推移しているため、現状の制度を変更する理由が見当たらない。,0,0,0,0,0,0,0,0,0,0,1
社内コミュニケーションをもっと活性化させていきたいとの考え有。,0,0,0,0,0,0,0,0,1,0,0
今後必要となりそうなセミナーとして、「健康」、「会社で使えるスキル」「育児介護」の3つをキーワードに挙げられた。,0,1,0,0,0,0,0,0,0,0,0
2015年度は赤字決算となり、経費削減と人員削減が大きな課題,0,0,1,0,0,0,0,0,0,0,0
また、並行して社員に向けた健康増進の施策(担当：櫻井様)を検討されており、定期検診の代行分析改善策(及び予防策)でなにかあたらしい制度を模索されている段階。,0,0,1,0,0,0,0,0,0,0,0
昨年からのTGTであったが、経費削減のための出張旅行規定改定などの業務多忙のため検討が停滞している情況であった。,0,0,1,0,0,0,0,0,0,0,0
経費削減、利用率向上のどちらに重きをおかれるが確認したところ、「働き方改革」を標榜する会社の方向性に沿い、予算は現行通り（690円）で構え、利用率アップに主眼を置かれる意向。,0,0,1,0,0,0,0,0,0,0,0
離職防止についての「介護」については「え」だけで対応するものではなく、公的制度、会社制度を勘案しつつ考える必要がある旨を説明。,0,0,0,0,0,0,0,0,0,0,1
離職者を繋ぎとめるために準備する育児制度と介護制度、それぞれの内容を十分アピールすること。,0,0,0,0,0,0,0,0,0,0,1
安定した採用離職率も低いが、これからの企業運営において人的な基盤を固める,0,0,0,0,0,0,0,0,0,0,1
導入経緯：Ｒ社が定期的に営業に来る中、経費節減のタイミング（制服をなくす、永年勤続も旅行もやめる）があり、その代わりに福利厚生を導入しようということとなった。,0,0,1,0,0,0,0,0,0,0,0
特にシフト制で働く従業員の離職率高い。,0,0,0,0,0,0,0,0,0,0,1
（５）ポイントを貯める楽しさで離職防止にも繋がるとアピール,0,0,0,0,0,0,0,0,0,0,1
ポイントは地域貢献として県内にお金が落ちるようにする事、行員が広く使える事の2点。,1,0,0,0,0,0,0,0,0,0,0
産後やめる方はなし、ここ10年間新入社員で辞めたのは一人のみ、離職率はとても少なく、ホワイト100に選ばれた,0,0,0,0,0,1,0,0,0,0,0
キーマンである総務副部長は、福利厚生見直しにおいて社員同士のコミュニケーション活性組織の一体感多様なニーズに応えるメニューが必要との考えを持っている。,0,0,0,0,0,0,0,0,1,0,0
OSGでも若手離職者出ている。,0,0,0,0,0,0,0,0,0,0,1
百五として地域創生の一つの手段として【え】を活用し自社職員の利用促進,0,0,0,0,0,0,0,0,0,1,0
永年勤続表彰近年は離職率抑止の為、5年目から制定。,0,0,0,0,0,0,0,0,0,0,1
社員のスキルアップ&人材の確保に課題を感じていたため、導入組織の事例（募集要項への記載や無料eラーニング、補助金の適応など）をアピールすると好評であった。,0,1,0,0,0,0,0,0,0,0,0
WLBの実現に向けた心身リフレッシュ両立支援,0,0,0,0,0,0,0,1,0,0,0
離職率に関しても課題を感じており、採用の観点からも「え」を会社に提案するとお言葉頂く。,0,0,0,0,0,0,0,0,0,0,1
パッケージ導入よりもカフェ制度をご要望で、理由としては利用者の偏りを無くし、満足度と公平性を高めたいから。,0,0,0,0,0,0,1,0,0,0,0
共済会にて、グローバル化に備え、社内スキルアップ促進の為に英語資格取得への支援制度を考えており支援対象をどうするか等で情報が欲しいと相談を受けている、とのこと。,0,1,0,0,0,0,0,0,0,0,0
昨年春に社のグローバル化に伴って、英語教育を実施したい意向があったが、特に何もしていない。,0,1,0,0,0,0,0,0,0,0,0
活動内容は、社内コミュニケーション活性化を目的にしたもの,0,0,0,0,0,0,0,0,1,0,0
現行制度（下記制度の目的はコミュニケーション活性）,0,0,0,0,0,0,0,0,1,0,0
制度としては課題改善すると思うが、会社の方針はあくまで「コミュニケーション活性」なので各自での利用サービスというのは話として通りにくいかもしれないとのこと。,0,0,0,0,0,0,0,0,1,0,0
社員スタッフのモチベーション向上; 社内コミュニケーションの活性化; 正社員の定着率向上; 会社への帰属意識の向上; 表彰報奨制度の見直し; ワークライフバランス; 永年勤続報奨をお考え,0,0,0,1,0,0,0,0,1,0,1
健康経営、社内間コミュニケーションの一つとして「減量プログラム」「Habido」を紹介。,0,0,0,0,0,0,0,0,1,0,0
今回の面談では福利厚生が如何に人材のモチベーションアップに繋がるか、採用時のアピールポイントになるか、就活生が募集要項の福利厚生欄をどれほど気にしているかをアピールしたところ、もう一度担当者のやる気に火をつける形となった。,0,0,0,1,0,0,0,0,0,0,0
法改正働き方改革健康増進(ホワイト500)は意識するも具体策を講じるまで至らず,0,0,0,0,0,1,0,0,0,0,0
今年度中にホワイト500申請を予定しているが、宣言の作り方など、手続きを自社スタッフだけで進めることに限界を感じていたとのこと。,0,0,0,0,0,1,0,0,0,0,0
複利厚生PKG切り替えには時間がかかるため、ホワイト500取得支援によって、まずは健康支援サービスの販売につなげたい。,0,0,0,0,0,1,0,0,0,0,0
社宅管理代行で、入居者の管理や賃料も管理できるような業者を探しているとのこと,0,0,1,0,0,0,0,0,0,0,0
アルバイト（最大700名）のモチベーション向上離職防止（特に中長期勤務しているフリーター）,0,0,0,1,0,0,0,0,0,0,1
アルバイト（最大700名）のモチベーション向上離職防止（特に中長期勤務しているフリーター）,0,0,0,1,0,0,0,0,0,0,1
ホワイト500取得したが、毎年続けるのは辛く、担当者疲弊してきている。,0,0,0,0,0,1,0,0,0,0,0
また、コミュニケーションの活性化の一つとしてHabi,0,0,0,0,0,0,0,0,1,0,0
しかし福祉基金では、公平性を持った制度でないと受け入れが難しいので採用は困難とのこと。,0,0,0,0,0,0,1,0,0,0,0
社としてWLB推進、働きやすい職場づくり推進など取組むことになった。,0,0,0,0,0,0,0,1,0,0,0
WLB推進のため重点項目は「育児介護自己啓発」だが、保養所代替案も含めての検討になるかもしれない。,0,0,0,0,1,0,0,0,0,0,0
WLB推進、働き方改革推進、採用者対策など、福利厚生制度の再構築の必要性が高まっている。,0,0,0,0,1,0,0,1,0,0,0
上層部の意識改革及び予算承認を得るため、WLB推進を前面に押し出したい。,0,0,0,0,0,0,0,1,0,0,0
そのため横断的で公平性のある評価制度の確立が課題。,0,0,0,0,0,0,1,0,0,0,0
切り口としては「スキルアップ」「採用」「従業員定着」の観点から。,0,1,0,0,0,0,0,0,0,0,0
生活習慣に関する施策やメンタルヘルス、医療に関する内容など、幅広く情報を収集中とのこと。,0,0,0,0,0,1,0,0,0,0,0
課題感としてはメンタルヘルスや新卒採用や離職やモチベーションなど広くぼやっとしている状態。,0,0,0,1,0,1,0,0,0,0,1
飲み会補助などの自社制度が受けている為、風土が変わる事が急務。,0,0,0,0,0,0,0,0,1,0,0
今回のOS導入の背景は旅行健康増進をメインに狙っている為、獲得後の利用促進も上記意識要。,0,0,0,0,0,0,0,0,0,1,0
話を聞くと、今回ホワイト500取得の最大の理由は「採用上の有利」な点。,0,0,0,0,0,1,0,0,0,0,0
健康数値の良化健康の習慣化コミュニケーションの活性化など,0,0,0,0,0,0,0,0,1,0,0
そして「従業員のモチベーションアップ」「労働生産性の向上」や「大学のブランド価値向上」に繋げたいとのこと。,1,0,0,1,0,0,0,0,0,0,0
「平等」が原則の福利厚生でありながら、「頑張った人」へのモチベーションツールとしてのサンコレ開発,0,0,0,1,0,0,0,0,0,0,0
コミュニケーション活性と表彰制度に関連づけ、サンコレ（健康インセンティブ/100日プロジェクトを含む）を紹介すると興味をもって聞いていただいた。,0,0,0,1,0,0,0,0,1,0,0
利用する行員が偏っており、公平性の観点から是正したいとのこと。,0,0,0,0,0,0,1,0,0,0,0
社内周知が思ったようにできなかった定着が低い,0,0,0,0,0,0,0,0,0,1,0
企業CSRの観点からも、地域活性と絡めたイベントを実施、社外に発信していきたい考えがある。,1,0,0,0,0,0,0,0,0,0,0
問い合わせのきっかけは、今まではすべて自社内で完結する風土だったが、業務が自社で完結できなくなってきた為、OS会社に頼ろうとしている（各種受付業務等含め）。,0,0,1,0,0,0,0,0,0,0,0
「え」導入により現行制度を再構築することで、より多くの社員が利用したくなる公平性のある制度が実現できる旨をプレゼンしたところ好感触。,0,0,0,0,0,0,1,0,0,0,0
2017年2月に健康経営優良法人（ホワイト500）に選定され、社会課題に対応している,0,0,0,0,0,1,0,0,0,0,0
健康経営などの社会課題への対応から入り、オーナーが抱える課題が解決できるような,0,0,0,0,0,1,0,0,0,0,0
本社でのスポーツクラブの利用が約3倍になっており、健康経営の面からもアピールしたいとのこと。,0,0,0,0,0,1,0,0,0,0,0
も兼任することになり、会社としても健康経営に力を入れ始めるとのこと。,0,0,0,0,0,1,0,0,0,0,0
健康経営に関して会社として健康経営に本格的に力を入れることになり、健診代行、診断結果のデータ管理分析、診断結果の改善点に対するポイント付与など、全て一括で管理できるようなシステムに移行を検討している。,0,0,0,0,0,1,0,0,0,0,0
インセンティブポイントだけでも2019年度途中から導入を検討しているため、コストとスピード感が知りたい（健康だけでなく働き方改革も絡めたポイント制度を検討）,0,0,0,0,0,0,0,1,0,0,0
福利厚生担当者（斉木様）より、会社で健康経営に力を入れ始めるため、カフェの仕組みを活用したい、JBFとして健康サービスは何ができるのかとご相談をいただく。,0,0,0,0,0,1,0,0,0,0,0
１、健康経営の取組みにより実現したいことは？,0,0,0,0,0,1,0,0,0,0,0
350の拠点の10拠点を回り、健康経営の推進を図っている。,0,0,0,0,0,1,0,0,0,0,0
但し、商品コンセプトである「健康経営の実践にまず、健康意欲向上健康風土醸成からはじめる」ことには、とても共感された。,0,0,0,0,0,1,0,0,0,0,0
最近では働き方改革の動きに合わせて、働きやすさを提供する福利厚生制度の整備に加え、働き甲斐提供するインセンティブプログラムなどで、多くの企業様からの問い合わせも増えております。,0,0,0,0,0,0,0,1,0,0,0
その理由は、「顧客接点をどう持つべきか」、「顧客とのコミュニケーションの在り方」を現在検討している段階であるため。,0,0,0,0,0,0,0,0,1,0,0
ポイント対象メニューが「資格取得」「健康」「育児」「介護」系の真面目メニューのため「期間限定の旅行補助」仕事に必要な「メガネコンタクト補助」を入れることで利用率をアップできないか相談。,0,0,0,0,0,0,0,0,0,1,0
ポイント対象メニューが「資格取得」「健康」「育児」「介護」系の真面目メニューのため改めて「期間限定の旅行補助」、仕事に必要な「メガネコンタクト補助」を入れることで利用率をアップできないか相談。,0,0,0,0,0,0,0,0,0,1,0
離職防止、モチベーションアップ。,0,0,0,1,0,0,0,0,0,0,1
離職防止、モチベーションアップ。,0,0,0,1,0,0,0,0,0,0,1
内容：「健康経営」に力を入れており、12月から全従業員に対しウエアラブル端末を貸与。,0,0,0,0,0,1,0,0,0,0,0
内容：「健康経営」に力を入れており、12月から全従業員700名に対しウエアラブル端末を貸与。,0,0,0,0,0,1,0,0,0,0,0
社長が「健康経営」を目指しているため。,0,0,0,0,0,1,0,0,0,0,0
働き方改革の一環として、浮いた残業代を充て原資としたい意向あり,0,0,0,0,0,0,0,1,0,0,0
働き方改革残業是正浮いた残業代サンコレによる自己啓発,0,0,0,0,0,0,0,1,0,0,0
役員が「健康経営」を掲げたく、ついては何をやるべきかを知りたいとのこと,0,0,0,0,0,1,0,0,0,0,0
昨年健康経営の相談をした際B1から定期的に提案頂いていて健康経営（ポイント）も含め福利厚生制度もお願いすることにした。,0,0,0,0,0,1,0,0,0,0,0
具体的には、１５０名のパートアルバイトへのモチベーションアップや、４０名大卒と20名高卒の内定者囲い込み、ドライバーの安全運転や無事故手当や勤続年数に関すること。,0,0,0,1,0,0,0,0,0,0,0
企業であったが、昨今の余暇の充実や働き方改革といったフレーズに比較的若い社長が共感したとも考えられ、経緯はともかく比較に際し当社が呼ばれなかったのは事実であり、結果としてｾｰﾙｽ不足であった,0,0,0,0,0,0,0,1,0,0,0
販売スタッフは特にまとまった休暇が取れないことから、日々の生活で使えるメニューが充実していると多様なニーズにも応えられるという面で重要視。,1,0,0,0,0,0,0,0,0,0,0
サンコレおよび健康経営分野に関心あり、２NDセールス。,0,0,0,0,0,1,0,0,0,0,0
健康経営HABIDOおよびサンコレによる健康ポイントの提案,0,0,0,0,0,1,0,0,0,0,0
データヘルス計画や病気で亡くなっている組合員もあるため、さらに予防に関して力（補助）を入れていきたい考え。,0,0,0,0,0,1,0,0,0,0,0
また、フロアごとに部署が分かれているため、部署をまたいでのコミュニケーション活性化が課題。,0,0,0,0,0,0,0,0,1,0,0
担当者の業務削減と福利厚生制度の浸透、利用率アップできるものあれば検討したい,0,0,0,0,0,0,0,0,0,1,0
働き方改革のひとつで、グループ会社の負担を減らす動きあり,0,0,0,0,0,0,0,1,0,0,0
働き方改革のひとつで、グループ会社の負担を減らす動きあり,0,0,0,0,0,0,0,1,0,0,0
今後も働き方改革に関して、実務（即実行できる）内容のものを提供いただきたいとのこと,0,0,0,0,0,0,0,1,0,0,0
社員が公平に使えるような福利厚生がない,0,0,0,0,0,0,1,0,0,0,0
16年度春闘の際に保養所の利用率低迷を受け、組合から保養所の廃止及び福利厚生の充実要求が発生。,0,0,0,0,0,0,0,0,0,1,0
POLAの中で「健康経営」や「がんとの共生」は大きなテーマになっている。,0,0,0,0,0,1,0,0,0,0,0
健康経営のひとつとしたい。,0,0,0,0,0,1,0,0,0,0,0
サービスとして圧倒的に関心があるのは、健康と教育,0,1,0,0,0,0,0,0,0,0,0
健康経営を意識して社長による禁煙活動を社員に促しているとのこと（禁煙ガムなどを配布）。,0,0,0,0,0,1,0,0,0,0,0
組合員の方々のニーズを把握し、来年度の利用促進キャンペーンに活かす,0,0,0,0,0,0,0,0,0,1,0
OS化等の地域格差是正働き方支援、残業縮小等の働き方改革支援になっている状態。,0,0,0,0,0,0,0,1,0,0,0
セミナー：職員にとっても、育児介護ライフプランの情報がない（得る機会がない）ことが問題,0,1,0,0,0,0,0,0,0,0,0
セミナー：職員にとっても、育児介護ライフプランの情報がない（得る機会がない）ことが問題,0,1,0,0,0,0,0,0,0,0,0
先方の最大の目的は利用率の向上と組合員全員に対しての平等感,0,0,0,0,0,0,1,0,0,1,0
また、余るぐらいなら、とセミナーにも関心を持っていただけ、課題として存在するメンタルヘルス系セミナーであれば考えたい、とのお言葉も頂く。,0,0,0,0,0,1,0,0,0,0,0
OS導入のねらいは、職員のリフレッシュ、コミュニケーションの活性、人材の定着。,0,0,0,0,0,0,0,0,1,0,1
上申するにあたり、「費用対効果を可視化(離職率が○%低下、満足度○%向上など)することは困難なため、別の観点からアプローチしたいが、方向性が決まらない」とのこと。,0,0,1,0,0,0,0,0,0,0,0
昨年同様、別の制度導入に向け「え」に投資する余裕がない（風土改革で、勤務管理を手書き申請から、ICカードに切り替えなど）,0,0,0,0,0,0,0,0,1,0,0
また、働き方改革に非常に関心を抱いており、弊社が実際に取り組んでいる事例の質問を受けた。,0,0,0,0,0,0,0,1,0,0,0
現状の人事部の最重要課題は｢働き方改革｣。,0,0,0,0,0,0,0,1,0,0,0
働き方改革に連して、制度まわりの整備も急務で、OSの予算取りは「今年は例年よりも厳しい」との言葉あり。,0,0,0,0,0,0,0,1,0,0,0
健康、スキルアップのキーワードより、「ライザップ」「シックスパッド」「睡眠」等のセミナーを開催できる旨伝えると、興味ありの反応。,0,1,0,0,0,0,0,0,0,0,0
電気ガスの自由化に伴い、中部電力を競合とした価格競争が進んでおり社内的に経費削減傾向にある。,0,0,1,0,0,0,0,0,0,0,0
働き方改革の取り組みとしてライン業務内での業務改善における公募制を開始。,0,0,0,0,0,0,0,1,0,0,0
”ホワイト500”取得を命題に、健康経営を見直し中。,0,0,0,0,0,1,0,0,0,0,0
健康経営施策にひもづき、福利厚生の見直しの可能性あり,0,0,0,0,0,1,0,0,0,0,0
江田様は「時期尚早とのこと。業績報奨、働き方改革支援プログラムとしても目に見える形でポイントを付与することで会社の目指すべき方向性が社員に違って伝わる可能性があり慎重に考えたい。カファテリアプランなどについては今後考えていきたい。健保は業界健保に所属しており、メタボでの切り口のポイントについては理解はするが当社には当てはまらないとのこと。」,0,0,0,0,0,0,0,1,0,0,0
上記プランは２０１９年度予算を大きく下回りましたので、健康経営にも併せて取り組める、同社のスタンダードネクストコース（※）を第一補として提案し、承認となりました。,0,0,0,0,0,1,0,0,0,0,0
低迷している利用率を上げるための施策として、現在利用0件の育児補助券を廃止し、映画補助300500円引き上げ案を提示。,0,0,0,0,0,0,0,0,0,1,0
健康経営グループを2017年秋に立ち上げた。,0,0,0,0,0,1,0,0,0,0,0
会社として健康と教育は力を入れている。,0,1,0,0,0,0,0,0,0,0,0
ただし、和歌山地区の人口が減少していく中、金庫として生き残るために、優秀な人材の確保や現職員のモチベーション、モラルアップは必須と感じている。,0,0,0,1,0,0,0,0,0,0,0
現在、残業削減働き方改革の推進し、従業員の福利厚生を充実させていきたいとのこと。,0,0,0,0,0,0,0,1,0,0,0
保養所の利用もなく、個人のニーズが多様化していることもあり総務で福利厚生の情報を集めたいという話になる。,1,0,0,0,0,0,0,0,0,0,0
過去にＲ社が来て検討を進めたことがあったがサービスの地域間格差による不公平感を払拭できず頓挫した経緯あり。,0,0,0,0,0,0,1,0,0,0,0
アンケートに基づき健康経営を主テーマに初訪問。,0,0,0,0,0,1,0,0,0,0,0
代案として働き方改革の視点から(ノー残業ボイントなど)、新卒採用面接での人を大切にする企業としてのアピール(年休の早期取得ボイント)、社用車事故の撲滅意識の向上(無事故ボイント)等にポイント付与でスタートする事で決着。,0,0,0,0,0,0,0,1,0,0,0
働き方改革の一環としてまた人材確保の観点から「え」「サンコレ」について紹介するも全く興味を示していただけず。,0,0,0,0,0,0,0,1,0,0,0
前回「働き方改革」と絡めてサンコレ紹介,0,0,0,0,0,0,0,1,0,0,0
「働き方改革」（残業減らす、休みをちゃんととる等）と絡めて「サンコレ」「え」提案をしていく,0,0,0,0,0,0,0,1,0,0,0
詳しくは教えていただけなかったが過去にR社サービスを検討したことがあることが会話の随所に伺えたことから、「働き方改革」や「人材確保」などここ数年での福利厚生OSをめぐる環境変化や「え」の特徴について情報交換し少なからず関心はもっていただけた様子。,0,0,0,0,0,0,0,1,0,0,0
経営層でも、社員に対する福利厚生制度、教育分野においても話題になる,0,1,0,0,0,0,0,0,0,0,0
平等にと言うより、やる気のある社員を評価する風土。,0,0,0,1,0,0,0,0,0,0,0
社長からも健康経営の推進を言われており、「健康」面の福利厚生の充実を図りたいと考えてるとのこと,0,0,0,0,0,1,0,0,0,0,0
会社負担限度額：48000円まで旅行に行かない社員には、積み立て分が返還されるが、会社からの補助を受けることができない状況のため、不公平感がある。,0,0,0,0,0,0,1,0,0,0,0
目的：サンクスカードを使った社員のモチベーションUPと、社員どうしのコミュニケーション。,0,0,0,1,0,0,0,0,1,0,0
社として福利厚生働き方改革モチベーションUPへの取り組み伺い。,0,0,0,1,0,0,0,0,0,0,0
21世紀職業財団の指定を受け、ワークライフバランスの推進を取り組んでいるという自負があるようで,0,0,0,0,0,0,0,1,0,0,0
「健康」について健康経営等のキーワードの元、様々な面から検討しているとのこと。,0,0,0,0,0,1,0,0,0,0,0
アキュラホーム問題点のひとつでもある、長時間労働の削減に関して検討を進めていたところ、長時間労働を減らす、という観点ではなかなかプラスの発信の面を見出すのが難しく、少し広い観点からみて、健康経営というプラスになる面との両面から検討することになった。,0,0,0,0,0,1,0,0,0,0,0
アキュラホーム問題点のひとつでもある、長時間労働の削減に関して検討を進めていたところ、長時間労働を減らす、という観点ではなかなかプラスの発信の面を見出すのが難しく、少し広い観点からみて、健康経営というプラスになる面との両面から検討することになった。,0,0,0,0,0,1,0,0,0,0,0
サンコレ導入の意味：長時間労働を是正する必要がある認識から、健康経営も視野に検討開始された。,0,0,0,0,0,1,0,0,0,0,0
最も重要されているのは、業務効率化、集客、採用この3つが多く声があがっている。,0,0,0,0,0,0,0,1,0,0,0
派遣社員向けには、人材定着確保という点では前給制度も検討中,0,0,0,0,0,0,0,0,0,0,1
ことでモチベーションアップと社員の退職防止を図っていきたい意向。,0,0,0,1,0,0,0,0,0,0,1
従業員300名の病院で４年前にR社サービスの導入を検討したことがあるが経費上の問題から没案となった経緯があり今でも状況は変わっていないとのこと。,0,0,1,0,0,0,0,0,0,0,0
社長メッセージより今後は人材教育に力を注ぎたい。,0,1,0,0,0,0,0,0,0,0,0
病院の課題は、職員どうしのコミュニケーション,0,0,0,0,0,0,0,0,1,0,0
関心は持たれたが、「え」との同時採用では経費が厳しい様子。,0,0,1,0,0,0,0,0,0,0,0
運用としてかなり偏っているため職員の一部から不公平との声も挙がっている様子,0,0,0,0,0,0,1,0,0,0,0
教育に力を入れているとのことなのでｅラーニングのご案内,0,1,0,0,0,0,0,0,0,0,0
また現在全社で集まる機会がなく、コミュニケーション活性のために社内イベントも検討しているため、「え」以外に合わせてJイベント実施内容などを紹介する。,0,0,0,0,0,0,0,0,1,0,0
働き方改革事例、健康経営等のキーワードでのご挨拶でも、独自で検討しているとの事。,0,0,0,0,0,1,0,1,0,0,0
商談内容：冒頭から風土改革に強い関心を感じたことから単刀直入に「え」導入による費用対効果について具体的な事例を挙げてプレゼン。,0,0,1,0,0,0,0,0,1,0,0
健康経営に関心はあるが、健康診断のみで特別な取り組みはしていない,0,0,0,0,0,1,0,0,0,0,0
社長の方針でコミュニケーションに重点を置いた福利厚生制度。,0,0,0,0,0,0,0,0,1,0,0
現在、社内でのコミューニケーション活性化とワークライフバランス整備に向けて施策を福利厚生部分含め考えておりそれに対してサンコレ提案。,0,0,0,0,0,0,0,1,1,0,0
（２）中堅社員不足によるコミュニケーション不足,0,0,0,0,0,0,0,0,1,0,0
リョーユーは利用者の偏りがあり、特に東京や大阪勤務の人間は使えないため、労組より「福利厚生制度の公平性」について要望あり。,0,0,0,0,0,0,1,0,0,0,0
健康経営を目指していて、メンタルケアを重点的にしたい,0,0,0,0,0,1,0,0,0,0,0
健康経営のホワイト500を目指しているのと、コニュニケーション活性化によるメンタルケアのために、100日プロジェクトと健診代行とストレスチェックサービスをご説明,0,0,0,0,0,1,0,0,0,0,0
2年前から健康経営推進課を立ち上げている。,0,0,0,0,0,1,0,0,0,0,0
以前に契約していた静鉄グループのフォークワンというスポーツクラブが6月閉鎖することと、健康推進課立ち上げをきっかけに一度OS検討をしたことがあり、B社提案したが健康経営課の予算化ではとても足りず断念している。,0,0,0,0,0,1,0,0,0,0,0
中嶋様の立場上、健康経営推進という観点で提案するがグルメなど不要なものもあると指摘をもらう可能性有。,0,0,0,0,0,1,0,0,0,0,0
健康経営に会社としても力を入れている。,0,0,0,0,0,1,0,0,0,0,0
女性活躍推進の観点から、幼稚園契約、建設を考えるにあたり、JBFを思い出し、情報収集の為資料請求したとの事。,1,0,0,0,0,0,0,0,0,0,0
女性活躍の事が中心で、男性社員に不公平かもしれないが、他の内容はあまり興味ないとの事。,1,0,0,0,0,0,0,0,0,0,0
女性活躍推進の観点から、幼稚園契約、建設を考えるにあたり、JBFを思い出し、情報収集の為資料請求したとの事。,1,0,0,0,0,0,0,0,0,0,0
女性活躍の事が中心で、男性社員に不公平かもしれないが、他の内容はあまり興味ないとの事。,1,0,0,0,0,0,0,0,0,0,0
今後より多様な価値観の人材を採用していく上でも福利厚生の充実が必要と感じている。,1,0,0,0,0,0,0,0,0,0,0
これまで成果主義的な考えが強かったが、採用の競争が激化するなかで、多様な価値観（給与よりも福利厚生など）を持った人材が必要。,1,0,0,0,0,0,0,0,0,0,0
働き方改革に関して、IT化は積極的に進めているが働き手の気持ちが追い付いていない、意識改革が必要。,0,0,0,0,0,0,0,1,0,0,0
2019年度ストレスチェック実施は、2015年12月に義務化されたストレスチェック制度に基づき、職員のメンタルヘルス不調を未然に防止することを目的とします。,0,0,0,0,0,1,0,0,0,0,0
働き方改革や福利厚生見直しの話はでていない,0,0,0,0,0,0,0,1,0,0,0
働き方改革など世間的な動きに触れながらえを案内するも、会社として給与重視の考えがあり。,0,0,0,0,0,0,0,1,0,0,0
導入後の費用対効果の点で、社員のモチベーションアップや働き方改革に関連した,0,0,1,0,0,0,0,0,0,0,0
働き方改革が叫ばれる中にあっても休みが取れない状況にあり課題を感じている。,0,0,0,0,0,0,0,1,0,0,0
預り金をOVERしている（ただ、今後予算削減するわけでなく、同程度の予算で公平性を保ちたい）。,0,0,0,0,0,0,1,0,0,0,0
会社として宿泊補助をなくすことになった（不公平感をなくすため）。,0,0,0,0,0,0,1,0,0,0,0
2年計画で社内教育制度なども力をいれていく。,0,1,0,0,0,0,0,0,0,0,0
今回まだ検討段階だが、きっかけは出張旅費を安くして、会社の経費節減をしたい,0,0,1,0,0,0,0,0,0,0,0
社としての福利厚生への考え方：働き方改革等言われるが、労務管理改善程度（システム稼働時間を短縮する等）。,0,0,0,0,0,0,0,1,0,0,0
社員から不公平との声が出ている。,0,0,0,0,0,0,1,0,0,0,0
社員から不公平との声が出ている。,0,0,0,0,0,0,1,0,0,0,0
同じ会社内でも他部門の求人をチェックしている方がおり、ホテル部門のみにすると不公平に感じられてしまう。,0,0,0,0,0,0,1,0,0,0,0
当社は、女性がいきいきと働き続けられる環境、仕事にやりがいの持てる職場環境にする為にはどうすれば良いのかを考え、育児介護休業取得に関する運用ルールの作成などの職場風土改革を行っている。,0,0,0,1,0,0,0,0,0,0,0
従業員から見ると、身近で割引率が高いサービスは魅力的だが、経営層の立場に立ってみると、「健康経営」や「働き方改革」に通ずるような,0,0,0,0,0,1,0,1,0,0,0
改革派の担当者であり、風土改革を行うことで社内のモチベーション維持、働き方改革を取り組みたい。,0,0,0,1,0,0,0,1,0,0,0
導入意図は女性活躍の整備とワークライフバランス充実、優秀な人材,0,0,0,0,0,0,0,1,0,0,0
健康経営やコミュニケーション活性化へ向けサンコレの導入の意義は理解していただけた。,0,0,0,0,0,1,0,0,1,0,0
社内ＳＮＳによるコミュニケーションの活性化,0,0,0,0,0,0,0,0,1,0,0
働き方改革を進める上でも、グループ内での委託が事務工数の削減等のメリットも多く,0,0,0,0,0,0,0,1,0,0,0
サービスに地域格差が存在し、地方（支社）の公平性が確保できない,0,0,0,0,0,0,1,0,0,0,0
地方拠点との公平性,0,0,0,0,0,0,1,0,0,0,0
人事厚生部向けには、福利厚生の意義必要性など「働き方改革」に絡めた資料を用意。,0,0,0,0,0,0,0,1,0,0,0
LGBTに対して公平な福利厚生制度にしていく動きがあるとのことで、同性パートナーと認定された人について、配偶者と同等に扱うようにしたいと考えているとのこと。,0,0,0,0,0,0,1,0,0,0,0
働き方改革の取組として育児介護の充実の他にワークライフバランス推進する中ライフの部分での誰にでも平等に利用できるサービス利用をしたい,0,0,0,0,0,0,0,1,0,0,0
不公平感があった。,0,0,0,0,0,0,1,0,0,0,0
ただし、働き方改革関連法案可決に伴い今後企業に課せられる負荷、負担は理解しており、そのための課題解決のための施策として福利厚生導入は必要であるとの認識はあり。,0,0,0,0,0,0,0,1,0,0,0
新卒採用時に学生からの質問が多いため、働き方改革推進目的のため福利厚生制度の見直しを検討している。,0,0,0,0,0,0,0,1,0,0,0
今までは福利厚生の取組は力を入れていなかったが、昨年経営者が変わり「ワークライフバランス」を重視。,0,0,0,0,0,0,0,1,0,0,0
切り替え目的：経費削減を考えていたサービスをよりよくしたいとのこと,0,0,1,0,0,0,0,0,0,0,0
理由：利用率の低迷共済会事業の見直し（費用面）,0,0,0,0,0,0,0,0,0,1,0
教育専門的な教育は行っているがそれ以外の教育も充実させたい。,0,1,0,0,0,0,0,0,0,0,0
会社として様々な分野で経費削減を実施し、整理を強化する方向性で進んでおり、福利厚生分野での削減が濃厚となっている状況,0,0,1,0,0,0,0,0,0,0,0
自身より年長者であるパート社員とのコミュニケーションに壁があるようで、社長は常々「日々の対話」を社員に義務付けている。,0,0,0,0,0,0,0,0,1,0,0
代替案を決めるポイントは｢公平性誰もが使えるもの｣。,0,0,0,0,0,0,1,0,0,0,0
｢JTBだけ｣｢社員定着｣｢公平性｣がキーになるか。,0,0,0,0,0,0,1,0,0,0,0
●ストレスチェックやメンタルヘルスの強化をしたい,0,0,0,0,0,1,0,0,0,0,0
会議の内容はどこの飲食店でも共通している課題（従業員の離職率の低下、モチベーションのアップ、後輩の育成、リピーターの獲得）でしたがその中で特に気になる話は、会社側が組合（阿佐委員長）にもっと各店舗からの意見を集約する様に指示していた点。,0,0,0,1,0,0,0,0,1,0,1
今年度について（１）生活メニューの利用率をさらに伸ばしたい（育児介護）,0,0,0,0,0,0,0,0,0,1,0
最近では働き方改革の動きに合わせて、働きやすさを提供する福利厚生制度の整備に加え、働き甲斐提供するインセンティブプログラムなどで、多くの企業様からの問い合わせも増えております。,0,0,0,0,0,0,0,1,0,0,0
現状利用している東急ハーベストの利用率が悪く、且つ利用できる場所も限られることから、ＯＳ導入検討。,0,0,0,0,0,0,0,0,0,1,0
34拠点と多いことから薄く広く公平に制度を利用できる体制が整えられることも重ねて強調,0,0,0,0,0,0,1,0,0,0,0
であり、薄く広く公平な制度で、社員から評価も高く継続更新,0,0,0,0,0,0,1,0,0,0,0
JBF最終提案では、一泊5000円(宿泊精算)という宿泊に特化した内容であったが、総務部長から「業種柄、連休を取れない社員もいるため不公平感が生まれるのでは」と疑義の声あり。,0,0,0,0,0,0,1,0,0,0,0
福利厚生検討のきっかけは、自社で契約している保養所の利用率があまりにも低くその代替案として、会員制福利厚生サービスを検討している。,0,0,0,0,0,0,0,0,0,1,0
福利厚生検討のきっかけは、自社で契約している保養所の利用率があまりにも低くその代替案として、会員制福利厚生サービスを検討している。,0,0,0,0,0,0,0,0,0,1,0
福利厚生検討のきっかけは、自社で契約している保養所の利用率があまりにも低くその代替案として、会員制福利厚生サービスを検討している。,0,0,0,0,0,0,0,0,0,1,0
店舗社員の離職が増え、働き方改革や福利厚生の見直しが発生。,0,0,0,0,0,0,0,1,0,0,0
店舗社員の離職が増え、働き方改革や福利厚生の見直しが発生。,0,0,0,0,0,0,0,1,0,0,0
社員スタッフのモチベーション向上; 社内コミュニケーションの活性化; 会社への帰属意識の向上; 表彰報奨制度の見直し。,0,0,0,1,0,0,0,0,1,0,0
社員教育（新入社員へのeラーニング）、採用面でのアピール（採用サイトへ「え」の記載）、離職防止等で「え」を有効活用していきたいとのこと。,0,1,0,0,0,0,0,0,0,0,0
女性の活躍推進、ワークライフバランスの推進を経営計画として考えている,1,0,0,0,0,0,0,1,0,0,0
「え」を導入する事で、利用者の幅が広がり多様なニーズに対応できる点を評価いただく,1,0,0,0,0,0,0,0,0,0,0
社員間不公平感なく利用させたい,0,0,0,0,0,0,1,0,0,0,0
社員間不公平感なく利用させたい,0,0,0,0,0,0,1,0,0,0,0
社員間不公平感なく利用させたい,0,0,0,0,0,0,1,0,0,0,0
働き方改革で残業、休日出勤を減らそうという動き増えた余暇をどう充実させるかB社が頻繁に来ている模様（親会社は現在B社と契約）,0,0,0,0,0,0,0,1,0,0,0
働き方改革で有給とは別に5日追加された。,0,0,0,0,0,0,0,1,0,0,0
従業員のニーズは多様化していることは実感していたため、宿泊に特化するのではなく様々選べる「え」アピール。,1,0,0,0,0,0,0,0,0,0,0
今の現状では、健康に関する意欲が足りていそうもないので、100日や減量キャンペーンをいきなり始めるのはハードルが高いとのこと。,0,0,0,0,0,1,0,0,0,0,0
以前はキヤノンは給与が高く、福利厚生も自助努力でという精神が浸透していたが、今は給与もそれほどでもなく「キヤノン」だから入社したいというブランドも薄れゆく。,1,0,0,0,0,0,0,0,0,0,0
また人数が50名以下の営業所にもメンタルヘルスの導入を検討しており、併せて提案。,0,0,0,0,0,1,0,0,0,0,0
 女性活躍が目下の課題であり、従来の『余暇の活用』から『ワークライフバランス』の支援への制度設計を検討,1,0,0,0,0,0,0,1,0,0,0
多様なリクエストに応えるために、育児介護宿泊に特化した内容にしたい。,1,0,0,0,1,0,0,0,0,0,0
経費削減という観点から、福利厚生サービス＋定期健康診断ストレスチェックeラーニング（履歴がとれるもの）を一つの会社へ委託したいとご要望があったものの、弊社では現行よりも費用がかかってしまう、eラーニングの履歴がとれない点から、R社一本で検討を開始するとのことでご連絡をいただいた。,0,0,1,0,0,0,0,0,0,0,0
利用率の低迷が課題。,0,0,0,0,0,0,0,0,0,1,0
代々社員同士のコミュニケーション活性を主としておりWAT会という互助会でお祭りレクイベントチケット斡旋日帰り旅行などをしている。,0,0,0,0,0,0,0,0,1,0,0
全国9支社社員への公平性社員の家族への福利厚生の観点から「え」の概要を説明。,0,0,0,0,0,0,1,0,0,0,0
働き方改革を推進しているため、そこに絡めた「え」の提案ができれば通りやすいとのこと。,0,0,0,0,0,0,0,1,0,0,0
働き方改革と絡めた「え」の提案,0,0,0,0,0,0,0,1,0,0,0
働き方改革のプロジェクトが発足しており、健康経営に興味あり。,0,0,0,0,0,1,0,1,0,0,0
現在従業員教育に力をいれておりeラーニングの導入を検討中,0,1,0,0,0,0,0,0,0,0,0
長嶋スパーランドのチケットは人気だが、静岡エリアの社員様にとっては不公平であり、不満の声が上がっている。,0,0,0,0,0,0,1,0,0,0,0
初めに夏目様からこのお話をいただいた際は、地域間格差の是正ワークライフバランスの充実が観点,0,0,0,0,0,0,0,1,0,0,0
現在、E社制度導入中であるが利用率低迷により来年度に向け情報収集中とのこと。,0,0,0,0,0,0,0,0,0,1,0
現行課題感：マキテックグループとしての福利厚生制度整備検討の必要、社員の趣味趣向の多様化、新入社員の囲込採用、前回R社検討時にネックになった費用面。,1,0,0,0,0,0,0,0,0,0,0
企業としての課題は派遣社員確保の他に社員同士のコミュニケーション不足ということで100日PJTをご案内。,0,0,0,0,0,0,0,0,1,0,0
今回、働き方改革で育児や介護を充実させ、リフレッシュ環境を整えたいという事で改めて検討開始。,0,0,0,0,0,0,0,1,0,0,0
働き方改革、残業減らしたポイントと内定者向けつなぎとめポイントの両方で提案予定。,0,0,0,0,0,0,0,1,0,0,0
理由としては、利用向上のために切替検討していたが、社内会議で現行制度内での利用促進を目指すとここなった。,0,0,0,0,0,0,0,0,0,1,0
働き方改革で残業の管理、有休の取得は進めている。,0,0,0,0,0,1,0,1,0,0,0
そのためコミュニケーション活性化に関心あり。,0,0,0,0,0,0,0,0,1,0,0
「余暇時間での健康習慣の実践」「コミュニケーション活性化」のソリューションとして健康100日ご提案。,0,0,0,0,0,1,0,0,1,0,0
「コミュニケーション活性化」に関心。,0,0,0,0,0,0,0,0,1,0,0
「グループ会社間」「異なる職種間」のコミュニケーション活性化を考えていた。,0,0,0,0,0,0,0,0,1,0,0
健康について会社で「心と体の健康」を掲げている,0,0,0,0,0,1,0,0,0,0,0
「健康リテラシーの向上」と「コミュニケーション活性化」に有効だと提案。,0,0,0,0,0,1,0,0,1,0,0
ビアパーティー不参加の方に向け、不公平感の是正,0,0,0,0,0,0,1,0,0,0,0
多様化するニーズに対応し、福利厚生PKG検討中,1,0,0,0,0,0,0,0,0,0,0
もともとB社からJBFへ切り替えた目的は費用対効果の明確化であったため、現状で問題はないが、今後は預り金の有効活用も検討したい。,0,0,1,0,0,0,0,0,0,0,0
経営会議には働き方改革利益還元策としてOSも話に上がっている状態。,0,0,0,0,0,0,0,1,0,0,0
すぐに導入は難しいが、現状人材確保、従業員のモチベーションアップが必要という意識はあり、社内で1度上申頂けるとのこと。,0,0,0,1,0,0,0,0,0,0,1
語学スキルアップ（主に英語、中国語）に力を注ぎたい。,0,1,0,0,0,0,0,0,0,0,0
専門の方に任せられ、かつ経費削減になる為OS化を検討。,0,0,1,0,0,0,0,0,0,0,0
JAL共済会見直しにおいて、「健康」をテーマに会員が公平に享受できるサービス、特にCAや女性スタッフへ受け入れられる企画提案を模索している。,1,0,0,0,0,0,1,0,0,0,0
2015年より「働き方改革」に熱心に取り組みしている企業（ＨＰより）,0,0,0,0,0,0,0,1,0,0,0
社長も経営課題として「人材の確保」「多様性への対応」という言葉を出しており、福利厚生充実に、より理解を示す可能性あり。,1,0,0,0,0,0,0,0,0,0,0
前回セールス時に人事課として「業務効率化」に取り組んでいくことが優先順位が高い,0,0,0,0,0,0,0,1,0,0,0
健康経営という観点から、スポーツクラブ補助＋従業員同士のコミュニケーションツールに関心があるとのこと。,0,0,0,0,0,1,0,0,1,0,0
100日pjtで、健康＋従業員コミュニケーションの活性化の提案,0,0,0,0,0,1,0,0,1,0,0
現在の最優先事項は、働き方改革の具現化。,0,0,0,0,0,0,0,1,0,0,0
健康経営を推進している役員様はコミュニケーション委員というものも立ち上げている。,0,0,0,0,0,1,0,0,0,0,0
余剰金の活用と全社員公平に利用機会を与える名目で導入。,0,0,0,0,0,0,1,0,0,0,0
スキルアップに関して、独自で英語教育の支援をされているとのこと。,0,1,0,0,0,0,0,0,0,0,0
顧客向け同様に「健康」「カルチャ（社員教育）」への関心が高く、ポイントを押さえれば、スピード感をもって導入板開ける可能性あり。,0,1,0,0,0,0,0,0,0,0,0
社員教育や社員に対する還元施策に熱心な社風で、「趣味」ごとに倶楽部を立ち上げて社員に対する還元をしていこうとする構想もある。,0,1,0,0,0,0,0,0,0,0,0
顧客向け同様に「健康」「カルチャ（社員教育）」への関心が高く、ポイントを押さえれば、スピード感をもって導入板開ける可能性あり。,0,1,0,0,0,0,0,0,0,0,0
社員教育や社員に対する還元施策に熱心な社風で、「趣味」ごとに倶楽部を立ち上げて社員に対する還元をしていこうとする構想もある。,0,1,0,0,0,0,0,0,0,0,0
設立から30年余りで、当初は、会社規模もコンパクトだったためコミュニケーションが活発だったが、10年ほど前から、従業員数が200名を超えコミュニケーションが希薄になってきたことに危機感を感じES向上委員会を発足。,0,0,0,0,0,0,0,0,1,0,0
利用率の低さ、社員のニーズに合ってないなどの理由により、経営判断として退会が決定。,0,0,0,0,0,0,0,0,0,1,0
利用率の低さ、社員のニーズに合ってないなどの理由により、経営判断として退会が決定。,0,0,0,0,0,0,0,0,0,1,0
今年度の検討は「公平性」の観点から主要8社の正社員＋有期契約社員（フルタイム）計15万名を対象とする予定。,0,0,0,0,0,0,1,0,0,0,0
検討は「公平性」の観点からNTTグループ主要8社＋主要8社のグループ会社,0,0,0,0,0,0,1,0,0,0,0
検討は「公平性」の観点からNTTグループ主要8社＋主要8社のグループ会社,0,0,0,0,0,0,1,0,0,0,0
親睦行事（旅行、新年パーティなど）「え」など「え」が削減候補になった理由：親睦行事は職員参加率も高く、削ってしまうと目につきやすいこと、院内コミュニケーションという観点から事務局長を中心に削減の対象にされなかった。,0,0,0,0,0,0,0,0,1,0,0
から、共済における地域格差と互助会における社員様のニーズの多様化について気になる部分もあるとのこと。,1,0,0,0,0,0,0,0,0,0,0
警備業界は差別化が難しく、ブランド力勝負に陥りがちで、「セコム」「アルソック」に大きな差をつけられている。,1,0,0,0,0,0,0,0,0,0,0
以前パートアルバイト向けにインセンティブ導入してたが、利用率が低いのと、導入しても離職率に、関係性がなかったため、廃止。,0,0,0,0,0,0,0,0,0,1,1
担当者としてはせっかく導入したサービスなので合併後も全体として加入したいという思いはあるが、現在の利用率や車業界ではリゾートトラストが福利厚生として人気などの要因もあり、検討するとのこと。,0,0,0,0,0,0,0,0,0,1,0
安井課長は採用教育がメインだが、福利厚生と採用の親和性から入り口の情報収集をしているとのこと。,0,1,0,0,0,0,0,0,0,0,0
その他福利厚生の課題としてはメンタルヘルス対策とのことで、産業医の提携見直しが優先事項とのこと。,0,0,0,0,0,1,0,0,0,0,0
社員旅行（高松支店扱）と並行して、導入を検討するも会社改変で社員を大幅に増員する為、その作業優先とそれに係る経費の部分で導入時期を模索,0,0,1,0,0,0,0,0,0,0,0
しかし、利用者が限られており、コミュニケーション活性化に至っていない。,0,0,0,0,0,0,0,0,1,0,0
親睦会（共済会）のコミュニケーション関連の事業をスクラップしてOSを検討しているが、役員レベルまで上申できていない段階。,0,0,1,0,0,0,0,0,0,0,0
従業員のモチベーションアップ、還元したいとの思いから福利厚生検討,0,0,0,1,0,0,0,0,0,0,0
現在、「グッジョブカード」を導入し、社内で感謝の気持ちを直接伝え、コミュニケーションを活性化させる施策を展開中。,0,0,0,0,0,0,0,0,1,0,0
理由は「全国でも利用可能不公平感をなくすため」（何かをスクラップしてその原資で…）とのこと。,0,0,0,0,0,0,1,0,0,0,0
席上でお話を伺うと、高知を代表する旅館として優良な人材の確保やモチベーション,0,0,0,1,0,0,0,0,0,0,1
「え」に関心があり導入したい意向だが、経費の捻出導入に向けての初動体制,0,0,1,0,0,0,0,0,0,0,0
福利厚生の平等感地域格差是正実利用率に拘りたい,0,0,0,0,0,0,1,0,0,1,0
課題感：現行の表彰制度では、社員様のモチベーションアップに繋がらない,0,0,0,1,0,0,0,0,0,0,0
表彰制度を廃止し公平性のある福利厚生制度を導入したい,0,0,0,0,0,0,1,0,0,0,0
導入動機は、「地域との公平感確保」「独身者におけるリフレッシュメニューを中心にしたメリットの補てん」,0,0,0,0,0,0,1,0,0,0,0
飲食チェーン大手のため、地域間格差の是正と利用率向上を目的に導入検討（競合RB把握）。,0,0,0,0,0,0,1,0,0,1,0
過去、宿泊のニーズは大きかったがニーズの多様化により車の購入割引等の制度を望む声があるとのこと。,1,0,0,0,0,0,0,0,0,0,0
次年度採用活動時の効果や、社員教育、これから増えていく女性社員の復職支援,0,1,0,0,0,0,0,0,0,0,0
現在利用しているエキシブが利用しずらいこと、社員のモチベーションアップのためにＯＳを検討している。,0,0,0,1,0,0,0,0,0,0,0
業績の悪化から、年間の予算を立てた際に下期に従業員の給与削減の可能性が挙がったため経費整理となり福利厚生費が対象の一つとなった。,0,0,1,0,0,0,0,0,0,0,0
より公平性のある制度を構築したい。,0,0,0,0,0,0,1,0,0,0,0
特に社員食堂は地域格差があり不公平感が出てしまっている。,0,0,0,0,0,0,1,0,0,0,0
より公平性のある制度を構築したい。,0,0,0,0,0,0,1,0,0,0,0
廃止したが、近年、社員様のモチベーションを考え福利厚生の必要性を感じているとのこと。,0,0,0,1,0,0,0,0,0,0,0
そのために3本の柱（賃金のあり様多様な働き方福利厚生の充実）を意識していく。,1,0,0,0,0,0,0,1,0,0,0
健康ライフプラン育児介護はテーマｄふぁが、現行の「え」より踏み込んだメニュー作りを期待している。,0,1,0,0,0,0,0,0,0,0,0
ワークライフバランスの推進が目的。,0,0,0,0,0,0,0,1,0,0,0
今回お声掛け頂いた背景は、社内福利厚生担当者変更に伴い、社内のロイヤリティアップ社内コミュニケーション促進につながる新たな制度充実に向けた具体案を提出するよう任されている。,0,0,0,1,0,0,0,0,1,0,0
やはりﾊﾟｰﾄアルバイトの定着やモチベーションアップについては課題感があるそうで,0,0,0,1,0,0,0,0,0,0,1
取締役に教育面（業務プログラムと自己啓発）の充実化で要請があった。,0,1,0,0,0,0,0,0,0,0,0
理由は地域差による不公平感。,0,0,0,0,0,0,1,0,0,0,0
リクルートや従業員への還元と考えると、旅行、フィットネス、育児介護、メンタルヘルスなど「従業員にとってのメリット」「WLB」には関心はある。,0,0,0,0,0,1,0,1,0,0,0
コンケア＋キングオブタイム提案したが、今回はあくまで「出勤管理のみ」なのでメンタルヘルスに取り組む必要がないとのことで前に進まず。,0,0,0,0,0,1,0,0,0,0,0
福利厚生で「会社からしてもらっている他と比べて恵まれている」ことを実感させることで定着に繋がるのでは?,0,0,0,0,0,0,0,0,0,0,1
仕事のやりがいを感じている人も少ないと仰せ（ガソリン販売の為、他に何かモチベーションを上げる施策を考えている）,0,0,0,1,0,0,0,0,0,0,0
課題は「若者の従業員の定着率があまりよくないこと」「リクルート効果が欲しい」,0,0,0,0,0,0,0,0,0,0,1
ご理解頂くも、費用対効果を考えると福利厚生単体での予算建てより、「労災対策での保険制度実施、加えてCRMも付帯」の方が承認が下りやすいとのこと。,0,0,1,0,0,0,0,0,0,0,0
利用状況がかなり低いため、経営層より費用対効果が疑問視されがちな組織。,0,0,1,0,0,0,0,0,0,0,0
また、決められた資格を所得しないと昇格できない事もあり、通信教育に力をいれていて受講費や資格所得スクールの費用も会社が負担している。,0,1,0,0,0,0,0,0,0,0,0
２）システム会社なのでワークライフバランスの取り組みの強化を図っておりフレックス制度時間休を導入（親会社の東証はすでに導入済,0,0,0,0,0,0,0,1,0,0,0
今後の「え」を正社員に導入したとして国からの指示で裾野を広げる必要がある可能性はどの程度あるのかまた、待遇不公平だと対象外（正社員でない従業員）に指摘訴えられることがあったら困る等,0,0,0,0,0,0,1,0,0,0,0
明確な課題としては、自己啓発制度の充実。,0,1,0,0,0,0,0,0,0,0,0
現状課題は「強いて言うなら」有休取得や業務効率化など。,0,0,0,0,0,0,0,1,0,0,0
社員のモチベーションアップや、何らかの報奨制度の改革を行いたい様子ではありましたが、業績が回復していないので現実味は薄いと感じた組織。,0,0,0,1,0,0,0,0,0,0,0
利用実績があまり良いとは感じられないため、来年度より有給休暇の取得義務化につき規約の変更が入るのでこのタイミングで福利厚生も変えたいとのこと。,0,0,1,0,0,0,0,0,0,0,0
やはり看護師定着のため、待遇面を良くすることを重点に充てている様子,0,0,0,0,0,0,0,0,0,0,1
前回引きあいのあったヘルスケア事業に関して直接ストレスチェックをHC担当より話を聞かれたいと打診を受け,0,0,0,0,0,1,0,0,0,0,0
社内風土も手作り感独自制度を重視するので、社員に向けた還元は常に実施している。,0,0,0,0,0,0,0,0,1,0,0
女性活用（両立支援、キャリアアップ、働き方）を推進している。,0,1,0,0,0,0,0,0,0,0,0
目的：委託先従業員の定着化,0,0,0,0,0,0,0,0,0,0,1
制度として浸透定着化している、とコメントいただく,0,0,0,0,0,0,0,0,0,1,0
(4)新入社員もモチベーション向上に向けて『MSQ』導入,0,0,0,1,0,0,0,0,0,0,0
理由としては観光バスではワークライフバランスを取りづらい,0,0,0,0,0,0,0,1,0,0,0
副社長の導入に関わる重要視ポイントは、通信教育講座導入を絡めた社内資格取得支援報奨金制度が最大の決定ポイントとなる。,0,1,0,0,0,0,0,0,0,0,0
慶弔金社員旅行の未利用者や拠点間の異動もあり、不公平感が否めない,0,0,0,0,0,0,1,0,0,0,0
おそらく一番採用されやすいケースは、非正規社員様向けの定着率アップを目的とした社内報奨。,0,0,0,0,0,0,0,0,0,0,1
組合のスタンスとしては不公平感是正の観点から対象者に対して会社が納得のいく説明ができるのであれば問題なし。,0,0,0,0,0,0,1,0,0,0,0
導入原資は、そもそも病院全負担でグループ全員への社員旅行費用＠11000円であるから社会福祉法人常勤社員だけ除くと逆に不公平になる。,0,0,0,0,0,0,1,0,0,0,0
新規獲得以降、毎年更新を検討されるので、安定継続に向け定着させたい。,0,0,0,0,0,0,0,0,0,1,0
しかし社長より、人数制限を設けることで不公平感はでないか等疑問点が挙がり再検討となった。,0,0,0,0,0,0,1,0,0,0,0
導入は正社員で考えているが、正社員と契約社員の区切りが難しく（正社員でも現場で働いている人もいれば契約社員でも正社員と同じ仕事をしている人もいる）、不公平感がでるのではないかとのこと。,0,0,0,0,0,0,1,0,0,0,0
宿泊を利用する社員が減っている中、日常使いメニューをはじめとする育児介護（現在育児休暇を取っている社員が常に1人はいる状況）メニューの周知が必須である。,0,0,0,0,0,0,0,0,0,1,0
ちょうど今年度は資格取得や教育に力を入れていく方針のため、マッチして良いと仰る。,0,1,0,0,0,0,0,0,0,0,0
導入した理由は、アルバイトの定着率を上げる為（社長からの指示）。,0,0,0,0,0,0,0,0,0,0,1
課題は地域格差の是正と公平性。,0,0,0,0,0,0,1,0,0,0,0
全社を挙げて働き方改革を推進中。,0,0,0,0,0,0,0,1,0,0,0
公平性を重視する福利厚生ではなく、実績者に対しての評価を充実させるべき。,0,0,0,0,0,0,1,0,0,0,0
課題としては、2000名規模の会社でお店が中心で、かつパートも多く、働き方改革業務改革といってもなかなか一様な制度や仕組みを構築できていない模様。,0,0,0,0,0,0,0,1,0,0,0
社員のロイヤリティーを上げたい。,0,0,0,1,0,0,0,0,0,0,0
社員のロイヤリティーを上げたい。,0,0,0,1,0,0,0,0,0,0,0
働き方改革についてトライアルで在宅勤務を実施、今年10月から正式にスタート予定,0,0,0,0,0,0,0,1,0,0,0
700人（正社員契約社員）を対象として、モチベーションup帰属意識の醸成に貢献するような,0,0,0,1,0,0,0,0,0,0,0
エクシブを導入する話があり、費用対効果や社員の利便性、将来売却すると1/3に価値が下がることから「え」を推そうと考えておられる。,0,0,1,0,0,0,0,0,0,0,0
当共済会は、公平性よりも「相互扶助」の観点を重視しており、共済会員の万が一に備えるのが、当共済会の役割であるとのこと。,0,0,0,0,0,0,1,0,0,0,0
課題は「外出の機会をつくり利用者の楽しみやモチベーションを作ること」と明確で、その解決手段が「旅行や外出の機会創出」である。,0,0,0,1,0,0,0,0,0,0,0
通信教育に関しても、今後業社に委託しようと考えているところではあるので、講座内容によっては、「え」のPKGの検討を考える材料になるとの事。,0,1,0,0,0,0,0,0,0,0,0
福利厚生を充実させるには非常に良い制度だが、以前導入したそしえる倶楽部の利用率低迷、使いづらさの印象が残っている為、なかなか踏み切れない,0,0,0,0,0,0,0,0,0,1,0
OS委託へのメリットを理解して頂き、なおかつ社内としても働き方改革の一貫として福利厚生の見直しを検討しているとのこと,0,0,0,0,0,0,0,1,0,0,0
南様曰く新入社員の定着率に課題があった。,0,0,0,0,0,0,0,0,0,0,1
南様は新入社員の定着率についてかなり思うことがありそうな様子。,0,0,0,0,0,0,0,0,0,0,1
従業員の定着率にお悩みの様子（特に新入社員）,0,0,0,0,0,0,0,0,0,0,1
福利厚生等の最大の課題は人材確保（新規採用定着化）。,0,0,0,0,0,0,0,0,0,0,1
上記区分には福利厚生として、手厚いサービスを提供し、定着率向上を図りたい,0,0,0,0,0,0,0,0,0,0,1
業界に珍しく職員の定着率が高い就労状況はよい。,0,0,0,0,0,0,0,0,0,0,1
不公平感の是正（職員旅行参加不参加による）,0,0,0,0,0,0,1,0,0,0,0
人材の確保と新規採用者の定着率向上,0,0,0,0,0,0,0,0,0,0,1
定着しない要因について、そもそも学生が多く、最長でも4年間しか在籍せず、定着する環境下にない。,0,0,0,0,0,0,0,0,0,0,1
宿泊精算コースの詳細預り金部分についてタクシー業界の動向として、従業員はより賃率の良い会社に行く傾向なので、少しでも差別化要素として福利厚生を拡充していき、定着化を図りたいと思っている。,0,0,0,0,0,0,0,0,0,0,1
社員の定着率に課題感ありとのこと。,0,0,0,0,0,0,0,0,0,0,1
働き方改革が推奨されているため、福利厚生などの見直しを検討している,0,0,0,0,0,0,0,1,0,0,0
パートアルバイトの多い会社のため、囲い込み、定着化をネタにアプローチ。,0,0,0,0,0,0,0,0,0,0,1
担当者としては、健康をフックにしたスモールスタートにし、後々拡大していく意向はあるが、企業風土自体が古く、なかなか新しいモノを導入するには、否定的とのこと。,0,0,0,0,0,1,0,0,0,0,0
福利厚生の不公平感を是正したい,0,0,0,0,0,0,1,0,0,0,0
しかし今の段階では不公平感の是正に繋がるものはなく、切り替えの決め手がないと頻繁に仰せ,0,0,0,0,0,0,1,0,0,0,0
課題は以前と変わらず、福利厚生の利用の不公平感。,0,0,0,0,0,0,1,0,0,0,0
CCIの顧客分析によれば、中小企業におけるサービスを継続している企業は、福利厚生を生産性向上やダイバーシティの推進など人事組織上の課題解決に役立てていることを特徴としている。,1,0,0,0,0,0,0,0,0,0,0
派遣法の教育義務に悩む企業が多いため、「え」のEラーニング受講無制限をアピールするが管理機能がない点が響き、導入にならない。,0,1,0,0,0,0,0,0,0,0,0
福利厚生業界の動向も説明し、働き方改革の一環と「え」の関連性もアピールした。,0,0,0,0,0,0,0,1,0,0,0
その説得のために費用対効果を重視しており、導入して目に見える効果が得にくいことがネック（現在の若者は福利厚生よりも自分の成長で仕事を選ぶのでは？と考え、社員満足度向上や人材確保に有効なのか目に見て実感できない）,0,0,1,0,0,0,0,0,0,0,0
ダイバーシティの取り組みの一環として育児関係のサポート、また2019年度から連続有給休暇最低5日取得を義務付ける方向で話が進んでいる。,1,0,0,0,0,0,0,0,0,0,0
ダイバーシティの観点からも福利厚生面の充実が求められる。,1,0,0,0,0,0,0,0,0,0,0
教育制度には力を入れており、自社社員が講師となりEラーニングを実施中。,0,1,0,0,0,0,0,0,0,0,0
直近の課題としては働き方改革の法律対策。,0,0,0,0,0,0,0,1,0,0,0
また一方では離職対策でリソース確保も課題としてあり、やる気と成績が負のスパイラルに陥る人員の底上げも必要。,0,0,0,1,0,0,0,0,0,0,0
看護職の定着化、離職防止、再就業の促進,0,0,0,0,0,0,0,0,0,0,1
帰属意識、離職防止のために福利厚生導入検討。,0,0,0,1,0,0,0,0,0,0,1
メンタルヘルス対策にコンケア、健康行動を起こすきっかけづくりとしてセミナー、健康行動を促進するための「え」の健康系メニュー、またHabi*doによる習慣維持策などをご提案。,0,0,0,0,0,1,0,0,0,0,0
評価制度の刷新と休暇取得の向上を通じてモチベーションを向上させ、離職率を低下させる,0,0,0,1,0,0,0,0,0,0,1
ただし、今後の状況として18年度健保料率84/100089/1000になり財源も厳しくなるため今まで以上に費用対効果や経費削減の動きが出てくるかもしれない、その場合、最悪「え」を廃止方向になる恐れもあるとのこと。,0,0,1,0,0,0,0,0,0,0,0
万人に開かれていて不公平でなければ健康グッヅに限らず酒煙草のような健康に害のある商品以外は何でもＯＫという考え方。,0,0,0,0,0,0,1,0,0,0,0
被扶養者と被保険者が一緒にでき、全国地域間格差なく実施でき、メンタルヘルスの改善につながる提案した健康イベントには関心示す。,0,0,0,0,0,1,0,0,0,0,0
事業主は「働き方改革」の一環として社内制度を検討中。,0,0,0,0,0,0,0,1,0,0,0
ワークライフバランスの観点から一般的に福利厚生の充実が検討されている状況をご説明、特に北日本新聞の採用面での課題解決にも一助となると強調,0,0,0,0,0,0,0,1,0,0,0
人材確保定着の課題はあるものの会社としては導入できる程の資源なし,0,0,0,0,0,0,0,0,0,0,1
ありOS導入で余暇の増進、ワークライフバランスの充実が図れる点を説明,0,0,0,0,0,0,0,1,0,0,0
等人材を取り合う現状では福利厚生制度の拡充よりよりも必然的に給与アップとなる資格手当と教育制度の充実が第一との話があったため,0,1,0,0,0,0,0,0,0,0,0
等人材を取り合う現状では福利厚生制度の拡充よりよりも必然的に給与アップとなる資格手当と教育制度の充実が第一との話があったため,0,1,0,0,0,0,0,0,0,0,0
別件で「働き方改革」について尋ねると、鋳物事業を中心に女子の雇用が課題とのこと。,1,0,0,0,0,0,0,1,0,0,0
従業員の肥満率に課題感をお持ちの様子,0,0,0,0,0,1,0,0,0,0,0
従業員の肥満率に課題感をお持ちの様子,0,0,0,0,0,1,0,0,0,0,0
働き方改革としてWLB推進についても、5年先、10年先を見据えた制度を作りたい。,0,0,0,0,0,0,0,1,0,0,0
組合からは制度復活を求める声も多いが、会社として公平に利用できる内容かつ安価な金額で導入できる制度を検討している。,0,0,0,0,0,0,1,0,0,0,0
「職員確保」「働き方改革」等のキーワードで上申材料を策定する為に、今後対策,0,0,0,0,0,0,0,1,0,0,1
社内課題や働き方改革での社内の動きを質問,0,0,0,0,0,0,0,1,0,0,0
また、「え」を利用しない社員から不公平感があるとの意見があったとのこと。,0,0,0,0,0,0,1,0,0,0,0
「従業員の定着率向上」、「ポイント」との言葉があり、カフェ導入を念頭か。,0,0,0,0,0,0,0,0,0,0,1
ここ数年人数が増えており社員のリフレッシュ人材の定着のためにも福利厚生の充実が必要と考えている,0,0,0,0,0,0,0,0,0,0,1
目的：社員の帰属意識向上モチベーション策,0,0,0,1,0,0,0,0,0,0,0
ニーズあり、運動習慣の定着については課題であった。,0,0,0,0,0,1,0,0,0,0,0
OS導入し、離職率防止（アウトレットの販売定員の定着）,0,0,0,0,0,0,0,0,0,0,1
OSがしたいのか、それとも福利厚生を改善したいのかを伺った所、多種多様なニーズに対してOSしたいとのこと。,1,0,0,0,0,0,0,0,0,0,0
また同業の利用状況を気にされていたため、業界水準を暗示しながら切り替え本気度を醸成したい。,0,0,0,0,0,0,0,0,0,1,0
「契約保養所」が全国18県にしかないことから、不公平感があり、今後スクラップを行う方向。,0,0,0,0,0,0,1,0,0,0,0
健康生活の定着とともに、隣同士でも会話がない職場でメンタルヘルスの観点からも、コミュニケーション活性化よりのメンタルセミナーを提案して欲しいとのことで後日提案予定。,0,0,0,0,0,1,0,0,0,0,0
SEが多いためコミュニケーション活性化と健康生活運動習慣の定着に、100日間の定着の価値について常務理事はよく理解されており、高評価であった。,0,0,0,0,0,1,0,0,1,0,0
上層部のメンバーが刷新されたタイミングでソフトエンジニアが大半でなかなか自社への結びつきに乏しい定着しないという会社の風潮を変えたいとのことで、福利厚生の見直しを検討。,0,0,0,0,0,0,0,0,0,0,1
新卒定着率の低さ(3年以内退職がほとんど),0,0,0,0,0,0,0,0,0,0,1
新卒定着率の低さはモチベーションなのか？,0,0,0,1,0,0,0,0,0,0,0
人材の定着に繋げる「サンコレ」の提案を行い、ニーズの深掘りを進めていく,0,0,0,0,0,0,0,0,0,0,1
過去正社員向けにＲ導入していたが、利用率低迷により退会。,0,0,0,0,0,0,0,0,0,1,0
福祉事業に従事する人の確保が厳しい現状であるため福利厚生は力を入れるべきと認識し、現在互助会で行っている独自契約補助では神戸市内および近郊の施設に集中してしまっているため、勤務地により不公平感があり（実際に声もあがっている）OS導入検討となった。,0,0,0,0,0,0,1,0,0,0,0
不公平感が出るのではという不安。,0,0,0,0,0,0,1,0,0,0,0
話の発端は、職員組合の三木委員長からの提案で、組合外の方から不公平感があるとの声が挙がり、病院本部への上申となる。,0,0,0,0,0,0,1,0,0,0,0
（２）課長の考えとしては、職員の福利厚生が良くなるのであれば導入したいが、費用対効果がとれるかどうかが懸念,0,0,1,0,0,0,0,0,0,0,0
人材定着について課題あり,0,0,0,0,0,0,0,0,0,0,1
人材定着、確保の課題解決策として福利厚生の拡充を検討している。,0,0,0,0,0,0,0,0,0,0,1
対象：新入社員（入会時500名だが現在700名に増えており、増員に伴いPW登録率も下がっているため新入社員への周知が必要と考える。）,0,0,0,0,0,0,0,0,0,1,0
課題感は育児介護の面で感じており、今年の10月から男女共同参画社会推進室を設置し、女性活躍推進に力を入れる。,0,0,0,0,1,0,0,0,0,0,0
働き方改革の一環としてまた人材確保、離職防止の観点から「え」サンコレについてご紹介。,0,0,0,0,0,0,0,1,0,0,1
大変興味はあるが少子化により経営課題が山積みで、経費支出の優先順位としては学生確保が最優先であり職員のための制度については現状で十分という考え方が根強いことからこれ以上のセールスは意味なし。,0,0,1,0,0,0,0,0,0,0,0
アルバイトの紹介をしてくれた人にポイント付与するなどしてアルバイトの人材定着を試みている。,0,0,0,0,0,0,0,0,0,0,1
(１)組合側から育児介護への支援充実の要求がされた。,0,0,0,0,1,0,0,0,0,0,0
(１)組合側から育児介護への支援充実の要求がされた。,0,0,0,0,1,0,0,0,0,0,0
組合側から育児介護への支援充実の要求があった。,0,0,0,0,1,0,0,0,0,0,0
共済会の存在意義は「育児、介護、健康」の支援にしぼられているため、旅行は不要、関心なし。,0,0,0,0,1,0,0,0,0,0,0
育児、介護、健康の切り売りを強く希望されている。,0,0,0,0,1,0,0,0,0,0,0
一般事業として実施しやすいのは健康、メンタル、育児、介護。,0,0,0,0,1,1,0,0,0,0,0
上場に向けてのブランド価値向上で、健康経営等の情報交換,1,0,0,0,0,0,0,0,0,0,0
予備情報としては、保育業界はジョブホッピング志向が高く、人材定着には課題がある。,0,0,0,0,0,0,0,0,0,0,1
忙しい部署を中心にメンタルで休職してしまう社員がいるため、コンケアのようなツールで予防できたらと。,0,0,0,0,0,1,0,0,0,0,0
女性の働き方支援に関心が高く、今後育児、介護などの提案を厚くしていきたいと考えている。,0,0,0,0,1,0,0,0,0,0,0
お誕生日ポイントだけでなく、働き方改革での使い方(残業時間の削減等)やポイントプレゼントで社内コミュニケーションの活性化等もできることをご説明。,0,0,0,0,0,0,0,1,1,0,0
働き方改革や採用の観点から福利厚生は気にはしているとの事。,0,0,0,0,0,0,0,1,0,0,0
若手職員の多様化に伴い、リクルート目指し今後は風向きが変わるかも。,1,0,0,0,0,0,0,0,0,0,0
課長が考える課題：人財確保定着率向上（会社に対して不満を持っている若手が多い様だ）,0,0,0,0,0,0,0,0,0,0,1
○傘下の介護事業の人材確保と定着化に課題ありとして訪問。,0,0,0,0,0,0,0,0,0,0,1
働き方改革に伴う病院の姿勢もアピール。,0,0,0,0,0,0,0,1,0,0,0
働き方改革に伴う病院の姿勢もアピール。,0,0,0,0,0,0,0,1,0,0,0
また、働き方改革に伴い、何かしなければと思っているが、現状動きはない。,0,0,0,0,0,0,0,1,0,0,0
また働き方改革を意識し、終業後の時間の使い方に重点をおこうと話にあがっている。,0,0,0,0,0,0,0,1,0,0,0
現行制度よりも公平感のある福利厚生制度導入希望,0,0,0,0,0,0,1,0,0,0,0
福祉センターとしては、育児介護を強化してほしい考え。,0,0,0,0,1,0,0,0,0,0,0
不公平感の是正働きやすい環境整備への移行,0,0,0,0,0,0,1,0,0,0,0
次期検討課題として、働き方改革/健康経営的な使用方を提案。,0,0,0,0,0,0,0,1,0,0,0
準社員の離職防止とモチベーション、ロイヤルティ向上,0,0,0,1,0,0,0,0,0,0,1
ほか「え」に求めること：女性定着。,0,0,0,0,0,0,0,0,0,0,1
働き方改革には、中村様は残業代をもらい働くこと自体に否定的。,0,0,0,0,0,0,0,1,0,0,0
書類探し等の時間短縮風土改革ということで、大変勉強になった。,0,0,0,0,0,0,0,0,1,0,0
ばらまきみたいのはないのかライフスタイルが多様化しているため全員の要望を満たすのは無理。,1,0,0,0,0,0,0,0,0,0,0
人事部が危惧しているのが、新たな制度を導入しても現状の社内風土ではだれも活用しないのではないかとのこと。,0,0,0,0,0,0,0,0,0,1,0
福利厚生として勤続年数により海外旅行（原資：会社負担）を実施しているが、最近ではニーズが多様化（特に若い従業員があまり旅行に行きたがらない）しているため国内旅行へのシフト、又はＯＳ導入の必要性を感じているとのこと。,1,0,0,0,0,0,0,0,0,0,0
報奨制度としてミニ表彰状を1ヶ月単位でおこなっており、ハワイ旅行をプレゼントしているが従業員ニーズの多様化のため悩んでいるとのこと。,1,0,0,0,0,0,0,0,0,0,0
パート向けのモチベーションアップ離職防止策として、ポイントによる制度化を提案すれば受け入れられる可能性あり。,0,0,0,1,0,0,0,0,0,0,1
また、定着率に課題はあまりなく、新たに採用する場合、思うように人材の確保ができず課題に感じている。,0,0,0,0,0,0,0,0,0,0,1
また、オペレーターの定着率も他のコールセンター等の業界平均よりは良いため,0,0,0,0,0,0,0,0,0,0,1
教育制度や保険制度など各種制度が整っていないため自社に合ったJBFができること提案してほしいとのこと。,0,1,0,0,0,0,0,0,0,0,0
BWT連携でセールスし、JBFサービス概要はご理解いただいており育児介護に特化した制度設計に興味あり。,0,0,0,0,1,0,0,0,0,0,0
社員スタッフのモチベーション向上; 社内コミュニケーションの活性化; 表彰報奨制度の見直しということで、電話セールスとメールでフォロー。,0,0,0,1,0,0,0,0,1,0,0
JBF内ではどんな福利厚生や働き方改革を行っているのか。,0,0,0,0,0,0,0,1,0,0,0
セミナー（育児や介護、ライフプラン等）を実施して利用を伸ばし、最終的に「ワークライフバランス」の向上を目指す,0,0,0,0,0,0,0,1,0,0,0
目的：職員のスキルアップ及びコミュニケーション円滑化,0,1,0,0,0,0,0,0,0,0,0
内容：「ワーキングマザーの今後のキャリア形成について」,0,1,0,0,0,0,0,0,0,0,0
健康な職員は不公平感を感じているだろうとのこと。,0,0,0,0,0,0,1,0,0,0,0
互助会もかつては存在したが、どうしても不公平感が出て,0,0,0,0,0,0,1,0,0,0,0
不参加の方からも互助会費を頂戴しているため、不公平性を是正するために福利厚生検討中。,0,0,0,0,0,0,1,0,0,0,0
前提として介護世代育児世代の両立復職がきわめて難しい職種,0,0,0,0,1,0,0,0,0,0,0
福祉会は今まで内製中心で来たが、業務効率アップ内容充実のためOSの必要性を議論しており、今回のレジャーOSもその一環。,0,0,0,0,0,0,0,1,0,0,0
ただし経営者の関心事項、特に中小企業の最大の悩みである「人の確保と定着化」につながるネタならやり方はあるかもとのこと。,0,0,0,0,0,0,0,0,0,0,1
事務部内で「ワークライフバランス係」が発足した事もあり、業務が多忙となりOSの検討が進んでいない状況。,0,0,0,0,0,0,0,1,0,0,0
課題感：パートアルバイト社員の皆様の定着率の向上、職場間のコミュニケーションの活性化、女性従業員サポートなど河合様は以前「え」とRをどちらも利用経験有り。,0,0,0,0,0,0,0,0,0,0,1
鹿児島は離島が多く、通常のＯＳ導入は公平性が損なわれると考えられる。,0,0,0,0,0,0,1,0,0,0,0
育児、介護などに重点があると良い,0,0,0,0,1,0,0,0,0,0,0
雑談の中で「全員に平等」「地元で使えるプログラム」「メンタルヘルス」「講習（eラーニング）」のワードが多く出てきた,0,1,0,0,0,1,1,0,0,0,0
従業員の育児介護についても支援していきたい,0,0,0,0,1,0,0,0,0,0,0
働き方改革を推進している都知事の小池百合子氏の出馬元として、豊島区が働き方改革の筆頭になるよう、現在様々な業務を民間に委託検討中,0,0,0,0,0,0,0,1,0,0,0
不公平感の解消から自ら申請できるようにしたいため。,0,0,0,0,0,0,1,0,0,0,0
今年度の警視総監からの言葉には「ＷＬＢ」「組織力」「女性活躍」「ダイバーシティ」のワードが多用されているため、これがキーワードとなる,1,0,0,0,0,0,0,0,0,0,0
育児介護を伸ばしていきたい意向はある,0,0,0,0,1,0,0,0,0,0,0
ただし上層部からは働き方改革に関連し余暇充実に関する施策拡充の指示も出ている。,0,0,0,0,0,0,0,1,0,0,0
OSは継続していきたいが今後は健康関連メニューの充実に加え、働き方改革に関連した余暇充実に繋がるメニュー開発に期待している。,0,0,0,0,0,0,0,1,0,0,0
ポイントは「地域活性」と「福利厚生としての公平感の創出（本庁舎以外の職員もサービスが平等に使えること）」、JTBが協会の会員であるメリットを伝えること,0,0,0,0,0,0,1,0,0,0,0
次年度に向けては引き続き秋田市職員互助会の更なる満足度向上で随意契約を目指しながら、一方で社内の業務効率化、生産性向上意識、売総拡大を同時並行で取り組んでいく。,0,0,0,0,0,0,0,1,0,0,0
健康ポイント制度定着の課題,0,0,0,0,0,1,0,0,0,0,0
子育て、介護といった分野に力を入れていきたい,0,0,0,0,1,0,0,0,0,0,0
本日初めてお会いした厚生会の須藤様は、OSを導入した際の費用対効果、既得権の維持を懸念されていた。,0,0,1,0,0,0,0,0,0,0,0
旅行等行事に参加出来ない職員への不公平感払拭,0,0,0,0,0,0,1,0,0,0,0
働き方改革が進められている中で逆の動きがでていることから、貴重な休みや週末などの休暇に役立つ「休み方改革」の提案や考えが必要になるのではと仰せ。,0,0,0,0,0,0,0,1,0,0,0
市長が変わり「働き方改革」「ワークライフバランス」と声をあげているが、実際中堅職員を中心に休みだけ増えても、、という声多数,0,0,0,0,0,0,0,1,0,0,0
を行っているが、利用者が偏っておりもっと公平感のある福利厚生を検討。,0,0,0,0,0,0,1,0,0,0,0
当時見送りになった理由としては利用する人しない人で不公平感が出てしまうことと、現状を変える必要性がないと互助会長が判断したため,0,0,0,0,0,0,1,0,0,0,0
看護師などの定着率にも特に課題はない。,0,0,0,0,0,0,0,0,0,0,1
また、愛知県内だけではなく岐阜市、豊橋市等遠方から出勤している職員もおり地域による公平性もあれば良いという考え。,0,0,0,0,0,0,1,0,0,0,0
大阪府警が導入している利用券と「え」のメニュー内容には、関心を持たれた様子だが、以前回った財務省支部の様に、健康促進に重きを置いた補助に特化し、それ以上の福利厚生は経費的にも厳しいとの事。,0,0,1,0,0,0,0,0,0,0,0
目的：現場の実情を知り、福利厚生の利用促進に生かす,0,0,0,0,0,0,0,0,0,1,0
次年度から長岡の事業所に総務の女性が復職するようなので、利用促進に力を入れたいとのこと。,0,0,0,0,0,0,0,0,0,1,0
ただし、ニーズの高い「育児」「介護」について、現行ベネステに比べて共済組合の「え」はサービス内容が劣ると感じており、「え」に一本化するとサービスダウンと思われる可能性が高く、解決策を相談したいとのこと。,0,0,0,0,1,0,0,0,0,0,0
ただ、会員のニーズとしては職場行のような参加者の限定される福利厚生より公平性の高い会員制の福利厚生があった方がいいのではないかとも考えてはいる。,0,0,0,0,0,0,1,0,0,0,0
人財育成に資する教育研修の機会を設けているが勤務時間外でかつ自主参加のため受講者増えず,0,1,0,0,0,0,0,0,0,0,0
人材定着の一助となることの強調（採用ページで利用している組織もあることのお伝え）,0,0,0,0,0,0,0,0,0,0,1
介護:介護離職する職員が急増,0,0,0,0,1,0,0,0,0,0,0
働き方が多様（大学職員、病院勤務の医師看護師、研究者など）なため、休みなどの時期はバラバラ。,1,0,0,0,0,0,0,0,0,0,0
今のところで考えていることは、「健康経営」「介護育児」など。,0,0,0,0,1,0,0,0,0,0,0
福利厚生事業の加点対象は介護、育児、メンタルヘルス相談。,0,0,0,0,1,1,0,0,0,0,0
コンケア導入の最大の利点は、メンタルを可視化できることである,0,0,0,0,0,1,0,0,0,0,0
県が独自に付与しているカフェポイントの業務を受託しているが、現在紙ベースにて実施しているので、経費削減と管理の観点から電子化に移行していただける様にすること。,0,0,1,0,0,0,0,0,0,0,0
福利厚生のアンケートの結果、職員の福利厚生へのニーズは多様化している。,1,0,0,0,0,0,0,0,0,0,0
一方で介護サービスの利用も増加傾向にあり福利厚生制度として職員のニーズに全体的にカバーできているのではないかと推測する。,0,0,0,0,1,0,0,0,0,0,0
メンタルヘルス不調者が多く、組合員への特定検診については公立学校共済組合本部で導入しており各学校へ訪問して実施しているとのこと。,0,0,0,0,0,1,0,0,0,0,0
今年度は業務効率化の改革(会議、決裁処理の見直しなど)が長期スパンとなってしまい、検討が延期になった組織。,0,0,0,0,0,0,0,1,0,0,0
最近、その点も落ち着き、総務課にてダイバーシティ推進を掲げてワークライフバンスセミナーなどさまざまな制度構築を進めている段階。,1,0,0,0,0,0,0,1,0,0,0
育児介護についてニーズがあるとのこと,0,0,0,0,1,0,0,0,0,0,0
人材確保（退職防止、採用）、帰属意識を高めたい,0,0,0,1,0,0,0,0,0,0,1
昨年より離職防止を目的とした施策としてサンコレの提案を行っていたが、原資ねん出、費用対効果に疑問があり導入に至らず。,0,0,1,0,0,0,0,0,0,0,0
理由は、現在は周年イベントに予算と時間を割いている、ということと風土醸成が先か制度構築が先かの議論の中でまずはお金をかけずサンキューカードを導入することで風土醸成を行いたいという考えが強い,0,0,0,0,0,0,0,0,1,0,0
人材の定着を目的に、トップダウンで福利厚生拡充の指示あり。,0,0,0,0,0,0,0,0,0,0,1
◇人材の定着を目的に、トップダウンで福利厚生拡充の指示があり、ベアーズレディ(家事代行やシッターサービスを行うパート、契約社員)1000～2000人を対象に検討,0,0,0,0,0,0,0,0,0,0,1
離職に関しては殆ど課題なく、「老人介護」ではなく「障碍者介護」になる為、むしろ仕事にやりがいを持って働かれる方が多いとのこと。,0,0,0,1,0,0,0,0,0,0,0
JBF内容：先方が重視していた「宿泊」「余暇の充実」「公平性」を提案ポイントとし,0,0,0,0,0,0,1,0,0,0,0
●健康経営について会報誌秋号の話題から健康経営、メンタルヘルスのお話しになる。,0,0,0,0,0,1,0,0,0,0,0
今年度より伊藤忠商事から「ライザップ」を運営する健康コーポレーションの傘下になったが、赤字経営のマルコの経費にメスが入る模様。,0,0,1,0,0,0,0,0,0,0,0
お客様のニーズを的確にとらえた多様なサービス提供,1,0,0,0,0,0,0,0,0,0,0
ホワイト500の項目である「女性の健康経営」に関して、2017年度、2018年度の「え」のセミナーの開催情報の提供の依頼,0,0,0,0,0,1,0,0,0,0,0
●健康について健康経営に力をいれており、「健康経営優良法人2018 ～ホワイト500～」の認定を受ける。,0,0,0,0,0,1,0,0,0,0,0
「え」導入の中で、200万よりも安く語学教育が行えるならば、導入実現ができるかもしれないとのこと,0,1,0,0,0,0,0,0,0,0,0
先日、人事部長と今後の福利厚生の方向性について話し合うなかで、「自己啓発」にスポットをあてる案が出た。,0,1,0,0,0,0,0,0,0,0,0
ワークスタイルイノベーション(働き方改革)の一環で、「空いた時間を自己啓発に使ってほしい」という会社のメッセージを打ち出していくためにも制度導入を検討していくことが決まった。,0,1,0,0,0,0,0,0,0,0,0
ワークスタイルイノベーション(働き方改革)の一環で、「空いた時間を自己啓発に使ってほしい」という会社のメッセージを打ち出していくためにも制度導入を検討していく予定。,0,1,0,0,0,0,0,0,0,0,0
ワークスタイルイノベーション(働き方改革)の一環で、「空いた時間を自己啓発に使ってほしい」という会社のメッセージを打ち出していくためにも制度導入を検討中。,0,1,0,0,0,0,0,0,0,0,0
折衷案として、自己啓発をメインに、育児、介護、健康も含めた制度にしていくべきか悩み中。,0,1,0,0,0,0,0,0,0,0,0
ここで「福利厚生の底上げ」「帰属意識の向上」を目的にOS導入を実現したい。,0,0,0,1,0,0,0,0,0,0,0
ITツールを活用できるようスキルアップ、効率化を実現して、生産性向上へつなげる。,0,1,0,0,0,0,0,0,0,0,0
若手の離職を減らし定着させる,0,0,0,0,0,0,0,0,0,0,1
離職率は減少傾向にあるものの、現在も約半数の女性が離職を余儀なくされている。,0,0,0,0,0,0,0,0,0,0,1
昨年、前任担当者より離職率が高いとの話があった。,0,0,0,0,0,0,0,0,0,0,1
以前から離職についての話があがっていたが、現状も変わらず。,0,0,0,0,0,0,0,0,0,0,1
休みが取りにくい職場なので福利厚生制度を導入することをきっかけに風土を変えたいとは思うが現実的ではない。,0,0,0,0,0,0,0,0,1,0,0
カテゴリーとして、自己啓発育児介護を強化したい,0,1,0,0,1,0,0,0,0,0,0
今年の離職率はほとんどなかったのですが、従業員の離職に課題をもっている。,0,0,0,0,0,0,0,0,0,0,1
ロッテ商事はパートのみ対象の福利厚生を検討していたが上層部が社員も平等にとの考えから、それならばグループ全社でやろうとなった。,0,0,0,0,0,0,1,0,0,0,0
やはり人財確保や離職防止のためにも帰属意識にも繋がるような取り組みを模索している様子。,0,0,0,1,0,0,0,0,0,0,1
人間関係の構築や仕事のやりがいを見つけ、定着率は向上した段階まで引き上げることができた際に社員還元として「福利厚生」を拡充して行く。,0,0,0,1,0,0,0,0,0,0,0
上層部に提案したところ、考えの方向性がずれており、平等性を重視するようにとの意見だった。,0,0,0,0,0,0,1,0,0,0,0
カフェを検討している理由としては、拠点が全国にあるため地域格差のないものを準備していきたい点、また、先方の考え方として従業員における多様性（性別のみならず、様々な観点）に柔軟に対応できる,1,0,0,0,0,0,1,0,0,0,0
使用目的は限定的に、書籍購入資格取得に伴う通信教育受講健康増進関連等。,0,1,0,0,0,0,0,0,0,0,0
と分かる資料お渡し（現状の課題である若手の離職防止に使えるアピール）,0,0,0,0,0,0,0,0,0,0,1
検討している理由は、数十年同じサービスを受けてきて、費用対効果の部分が気になっている。,0,0,1,0,0,0,0,0,0,0,0
教育には力を入れており、お金もかけているとのこと,0,1,0,0,0,0,0,0,0,0,0
販売員の定着化（離職防止）,0,0,0,0,0,0,0,0,0,0,1
販売員の定着化（離職防止）,0,0,0,0,0,0,0,0,0,0,1
社内では、離職率低減（採用のコストを低下）し、エンゲ―ジメントを高めたい思いがある,0,0,0,1,0,0,0,0,0,0,1
社内では、離職率低減（採用のコストを低下）し、エンゲ―ジメントを高めたい思いがある,0,0,0,1,0,0,0,0,0,0,1
西日本フィナンシャルホールディングス全体の平等な制度の導入のため,0,0,0,0,0,0,1,0,0,0,0
対象カテゴリー：「育児」「介護」「教育」,0,1,0,0,0,0,0,0,0,0,0
頭取発言に「教育」が出てきたため、manebi提案。,0,1,0,0,0,0,0,0,0,0,0
以前から、自己啓発に力を入れるように言われている,0,1,0,0,0,0,0,0,0,0,0
問い合わせがあった背景としては、厚友会しての財政が悪化のため、必要なサービスには投資をし、不要なものはなくすといった費用対効果を意識した制度見直しを行っている様子。,0,0,1,0,0,0,0,0,0,0,0
Aコープ九州との合併に備え、制度改編の話が上がらないように利用促進を行う。,0,0,0,0,0,0,0,0,0,1,0
サントリーについてキーワードは「水」と「人」であり、人材育成多様な働き方には力を入れている。,1,1,0,0,0,0,0,0,0,0,0
また、予算をつぎ込むなら教育関係に充てたい考えあり。,0,1,0,0,0,0,0,0,0,0,0
採用にかかるの多大な経費、定着率向上が課題,0,0,1,0,0,0,0,0,0,0,0
福利厚生導入自体は、職員確保やイメージアップの為にも検討しているが、経費面と費用対効果への不安感で二の足を踏んでいる状況,0,0,1,0,0,0,0,0,0,0,0
課題は「離職率の防止」 「採用のＰＲ」,0,0,0,0,0,0,0,0,0,0,1
自己啓発に力を入れたいが、環境を整えられていない。,0,1,0,0,0,0,0,0,0,0,0
事務長方の反応を見ながらリクルート対策や離職防止、他施設との差別化などに「え」導入のメリットについてご説明。,0,0,0,0,0,0,0,0,0,0,1
コミュニケーションを通じてやる気を高めて欲しい。,0,0,0,1,0,0,0,0,1,0,0
以上から日々のリフレッシュと離職防止に担当者は、積立式ポイントで各自が旅行等に行くような仕組みをイメージしている。,0,0,0,0,0,0,0,0,0,0,1
課題：人材確保、離職防止,0,0,0,0,0,0,0,0,0,0,1
ヒアリング内容としては、社員の福利厚生をより平等にさせたいということが課題。,0,0,0,0,0,0,1,0,0,0,0
例えば、育児対象社員には充実した制度や取組みがあるが、対象でない社員も多いため平等性をつくりたいとのこと。,0,0,0,0,0,0,1,0,0,0,0
離職率が高い(看護師の高齢化),0,0,0,0,0,0,0,0,0,0,1
担当者によると離職率が低いこともあり、病院として永年勤続賞に対し、重きを置く必要性が高くはないと感じているため、金額を多少落とす代わりに、目新しいものを導入し、経費削減にも繋げていきたいとのこと,0,0,1,0,0,0,0,0,0,0,0
現在40代のメンタル休職者が多く経営サイドから健保財源での新たな対応策提案が求められている。,0,0,0,0,0,1,0,0,0,0,0
現状の対象者は、正社員1000名のみだが、この見直しをきっかけに7000名在籍しているパート/アルバイトまで採用時の囲い込み離職防止を目的に増やすことも併せて検討していく。,0,0,0,0,0,0,0,0,0,0,1
正社員含めアルバイトパートの離職防止,0,0,0,0,0,0,0,0,0,0,1
C社に比べ交通局は毎年200名近い新卒採用があるため、新卒採用職員の福利厚生を既存職員と同じ制度とするためには、新会社として多大な経費負担が必要となるため拠出ができない。,0,0,1,0,0,0,0,0,0,0,0
担当者は福利厚生拡充や風土改革に意欲的だが、経営層の意識や長年の慣行がハードルになっている。,0,0,0,0,0,0,0,0,1,0,0
LIXILでは年5日間（連続）の有休が推奨されており、働き方改革につながる利用促進を行いたいとのこと。,0,0,0,0,0,0,0,0,0,1,0
離職率の高さ、福利厚生を整備していない事が問題視されており、労組より声が挙がり、下期より福利厚生費の予算を取りOSを検討,0,0,0,0,0,0,0,0,0,0,1
基本的な考え：事業の効果をチェックし、国の指導に基づいた予防事業を組合員全員の給付バランスと公平性を考慮していくべき,0,0,0,0,0,0,1,0,0,0,0
女性社員の離職防止、復職支援を目的としてPKG検討,0,0,0,0,0,0,0,0,0,0,1
ケアスタッフの離職防止対策として検討したいが導入判断には時間が掛かるとのこと。,0,0,0,0,0,0,0,0,0,0,1
つなげ方としては、メインは「人員」に関してであることから組合が近頃着目している「メンタル」テーマから「福利厚生の整備」,0,0,0,0,0,1,0,0,0,0,0
「職員メンタル不調」と「人材の流出（若手職員が他自治体へ転職することが多い）」の課題と書記長の思い入れが強い様子で、ほとんどOSについて話題を触れることができなかったそう。,0,0,0,0,0,1,0,0,0,0,1
メンタル不調で休職する前に、システムを使って「見える化」ができるのは高評価。,0,0,0,0,0,1,0,0,0,0,0
ホワイト500を狙っていることもありライフサポート（健康、育児、介護）の切売りをイメージされている。,0,0,0,0,0,1,0,0,0,0,0
制度重点項目としては、育児、介護のワークライフバランス関係。,0,0,0,0,1,0,0,1,0,0,0
従業員の満足度向上、離職率低下防止の為、OS検討中,0,0,0,0,0,0,0,0,0,0,1
結果として、離職率軽減に寄与させる制度設計を作りたい、とのこと。,0,0,0,0,0,0,0,0,0,0,1
バンダイグループの導入経緯や、世間一般的な働き方改革等の情報共有。,0,0,0,0,0,0,0,1,0,0,0
来期に向けた教育施策の検討も徐々に進んでおり、その中で「え」を用いた、通信教育を補完する、といった切り口も面白いとの事。,0,1,0,0,0,0,0,0,0,0,0
ただ育児介護など今後は多様なニーズに対応できるようなコース設計をしていきたい。,1,0,0,0,0,1,0,0,0,0,0
LIXILからの出向者も多く、平等にするためにも切り替えも念頭にある様子。,0,0,0,0,0,0,1,0,0,0,0
働き方改革にも取り組んでいるため、できた自由時間でOSの有効活用などしていきたいとのこと,0,0,0,0,0,0,0,1,0,0,0
今回話を伺いたいとなった背景は、パートアルバイトの囲い込み社員化の流れを作りたいと思っているが、離職もあり定着化を果たせていない。,0,0,0,0,0,0,0,0,0,0,1
会社からのメッセージとして、ワークライフバランスの充実を図りたいとのこと。,0,0,0,0,0,0,0,1,0,0,0
8月に大阪支店がオープンしたが、大阪の福利厚生制度は整っていないため東京と大阪ともに平等に利用できるものを導入していきたい,0,0,0,0,0,0,1,0,0,0,0
人材確保、離職率防止に繋がる提案,0,0,0,0,0,0,0,0,0,0,1
上層部より研修制度を充実させる方向で指示があり、制度改革に良いタイミング。,0,1,0,0,0,0,0,0,0,0,0
健康増進に力を入れている為、健康テーマの利用促進企画書提出,0,0,0,0,0,1,0,0,0,1,0
目的：「健康経営」の実現(ホワイト500の取得前提ではない),0,0,0,0,0,1,0,0,0,0,0
地域間で利用格差が出るリゾートマンションの契約解除に伴う、代替案の社内提示に向け検討開始。,0,0,0,0,0,0,1,0,0,0,0
上申がしやすいように、現状の福利厚生のニーズや、離職率との連動性、就活生のアンケートデータなどをもとに説明し、福利厚生の重要性を説明。,0,0,0,0,0,0,0,0,0,0,1
上申するに当たって、現状の福利厚生のニーズや就活生の意見は参考になり、また、自社も離職率は低くはないので、非常に共通点があり上申しやすい。,0,0,0,0,0,0,0,0,0,0,1
社員に対しての支援などの考えが全くなく、経費削減する事を第一に考えている。,0,0,1,0,0,0,0,0,0,0,0
今年度でJBFとの契約は無くなってしまうが、今後も健診以外の健康施策は取り入れていきたいとのこと。,0,0,0,0,0,1,0,0,0,0,0
ご面談の中、派遣社員の定着率アップが導入の最大の目的であり、課題と思われる。,0,0,0,0,0,0,0,0,0,0,1
保養所を持っている企業から「え」に切り替え頂いた企業も多いことを説明すると、凄く共感いただけた印象を受けた,0,0,1,0,0,0,0,0,0,0,0
会社の業績も悪く、PKGを導入するには、保養所の代替として導入を検討。,0,0,1,0,0,0,0,0,0,0,0
従業員数は約20名だが、他社に駐在している社員もいるためコミュニケーションが取れない。,0,0,0,0,0,0,0,0,1,0,0
今後、業容拡大に向けて多様なライフスタイルに対応した福利厚生制度が必要ではないか。,1,0,0,0,0,0,0,0,0,0,0
社員向けの、表彰制度を現金で支給しているが、年々社員数が増え、管理や、運用に手間がかかってきているため、サンコレの導入を検討している。,0,0,1,0,0,0,0,0,0,0,0
理由としては、社内風土も閉鎖的で社内からの導入要望が無い事と、OS導入コストが捻出できない事が上げられる。,0,0,0,0,0,0,0,0,1,0,0
具体的には共済会の立ち上げコンパクト且つユニークなな育児介護支援制度の充実等。,0,0,0,0,1,0,0,0,0,0,0
現社員については、次世代育成と、シニア活用がテーマ。,0,1,0,0,0,0,0,0,0,0,0
シニア世代が働きやすくするため、介護理由で退職しなくて済む支援制度の拡充等,0,0,0,0,1,0,0,0,0,0,0
投資教育に役立つツールとして興味あり。,0,1,0,0,0,0,0,0,0,0,0
社員の投資リテラシー向上を目的に導入を勧める。,0,1,0,0,0,0,0,0,0,0,0
今回の対象はまずは子育てと介護を必要としている方に限り検討している。,0,0,0,0,1,0,0,0,0,0,0
子育て、介護の対象以外に福利厚生を与えるつもりはないとのこと。,0,0,0,0,1,0,0,0,0,0,0
社員の健康を考えて、スポーツを身近に感じてほしい。,0,0,0,0,0,1,0,0,0,0,0
現在の課題は予算オーバー煩雑な業務パート含めた人件費,0,0,1,0,0,0,0,0,0,0,0
遺伝子検査の購入者は健康関連のテーマに注目している傾向があることから、健康と親和性の高いサービスを重点的に紹介。,0,0,0,0,0,1,0,0,0,0,0
介護育児を特化したものを望んでいる,0,0,0,0,1,0,0,0,0,0,0
青樹会は、病院以外にも介護老人保健施設「リバーサイド百々園」、「リバーサイド希望」、老人ホーム「リバーサイド桃花苑」を経営しており、職員全体を含めた形でご検討いただくこととなった。,0,0,0,0,1,0,0,0,0,0,0
社員にとって平等な福利厚生を用意したいとお考えで検討を始めたが、具体的にどんなもの、というイメージはない。,0,0,0,0,0,0,1,0,0,0,0
今後もJR西日本からの出向者からプロパーが増員となり人員は増えていくため、まずは次年度会報誌を全員分配布に変更する等、一層の利用促進に取り組み、売総増を図っていく,0,0,0,0,0,0,0,0,0,1,0
（今後）釧路支店に対して社員の同士のコミュニケーション強化に役立つサービスや地元sp情報などを提供し連携営業を進める。,0,0,0,0,0,0,0,0,1,0,0
ただ2013年カフェの導入なども検討した経緯があり、働き方改革女性活躍推進(現在女性管理職数％程)などある中で必要性は感じている。,0,0,0,0,0,0,0,1,0,0,0
実際現在もワークライフバランス推進活動(育休促進、消化100％等)をグループ会社へ案内している。,0,0,0,0,0,0,0,1,0,0,0
同一労働同一賃金の観点から社員非正規かかわらず5000名全員が同じ内容,0,0,0,0,0,0,1,0,0,0,0
今回はえを深掘りして組合主体で推進しているワークライフバランス推進活動（時間外削減、有給50%以上、男性の育休推進の三つ）に対してもフォロー,0,0,0,0,1,0,0,1,0,0,0
テレ朝健保に関しては、ベネワンがパピルスといった健康診断の結果をデータで開示できるサービスがあったのが導入の決めて。,0,0,0,0,0,1,0,0,0,0,0
テレ朝単体に関しては、育児介護に特化したメニューの利用ができるのが導入の決めて。,0,0,0,0,1,0,0,0,0,0,0
社員の定着、採用時のアピール活用,0,0,0,0,0,0,0,0,0,0,1
男性は健康面、女性は育児などサポートをしていきたい。,0,0,0,0,1,1,0,0,0,0,0
アウトバンドコール部門の離職率が8割と高いため、「人財の定着」の観点で関心をもったとのこと。,0,0,0,0,0,0,0,0,0,0,1
導入目的はWEB完結型サービスの拡充と事務局業務の簡素化であることを紹介。,0,0,1,0,0,0,0,0,0,0,0
福利厚生制度がほぼ皆無のため、採用離職防止の面から検討。,0,0,0,0,0,0,0,0,0,0,1
平均年齢は33才であるが、年配層と若年層に分かれており総じて若い社員が多く、離職防止と今後の事業拡大のために検討,0,0,0,0,0,0,0,0,0,0,1
福島ＭＲは社労士の資格をもっており、社内制度（人事制度、評価、教育等）の改革に」取り組んでいる。,0,1,0,0,0,0,0,0,0,0,0
健診代行業務に加え、JBFの健康経営に対する取り組み（健康100日や健康セミナー等）を合わせてご紹介。,0,0,0,0,0,1,0,0,0,0,0
狙い：現在は2代目のオーナーが多く離反防止や,0,0,0,0,0,0,0,0,0,0,1
以前のヒアリングで、この企業は、兵庫県川西市を中心に介護事業と警備会社を経営（プラスワングループ）しており、人材の定着化に課題ありと聞いていたため、そのあたりから探りを入れる。,0,0,0,0,0,0,0,0,0,0,1
メンタルヘルス関連のセンシティブな事業であるので、その顧客像についても何も教えてもらえず。,0,0,0,0,0,1,0,0,0,0,0
全社員平等な制度を持ちたい。,0,0,0,0,0,0,1,0,0,0,0
介護職の社会福祉法人だが離職率が高いため、リクルートのために福利厚生の充実を図る。,0,0,0,0,0,0,0,0,0,0,1
ベタ福利厚生を活用した人材の定着を図る。,0,0,0,0,0,0,0,0,0,0,1
主たる導入目的はパート社員囲い込みの為、導入時はパート含む。,0,0,0,0,0,0,0,0,0,0,1
健康増進面の課題は、同社における乗務員が他社よりはるかに若く、入社5年目までが大部分に若返りを済ませており、医療費人件費共にコストダウンに成功している。,0,0,0,0,0,1,0,0,0,0,0
東広島は健康増進に力を入れているため、それが見えるようにしてほしい（利用率など）。,0,0,0,0,0,1,0,0,0,0,0
組合としては、職員課以上に現状での利用率の低さ偏りに懸念を感じていて他社外注を希望されている様子。,0,0,0,0,0,0,1,0,0,1,0
理由としては互助会の経費削減の話が昨年に引き続き出ているため。,0,0,1,0,0,0,0,0,0,0,0
導入目的は「福利厚生の地域間格差の是正」とのこと。,0,0,0,0,0,0,1,0,0,0,0
現状福利厚生制度はほぼ何も無い状態だが2018年～のジャスダック上場のタイミングで、企業イメージ向上のため福利厚生導入を検討したい。,1,0,0,0,0,0,0,0,0,0,0
女性の多い業界や離職率の高い業界の取組等,0,0,0,0,0,0,0,0,0,0,1
離職等の課題感があるが、福利厚生では社内の仕組みとして解決していくようなスタンスとのこと。,0,0,0,0,0,0,0,0,0,0,1
SEとして顧客先に常駐している社員がほとんど（7割）で、同じ会社なのにコミュニケーションが希薄。,0,0,0,0,0,0,0,0,1,0,0
家事代行補助について会社として、育児の制度は潤沢だが、介護についてはまだまだ足りない。,0,0,0,0,1,0,0,0,0,0,0
に社内向け（インナー）モチベーションアップ、組織活性化手法としてサンコレ説明,0,0,0,0,0,0,0,0,1,0,0
しかし、理事メンバーからの要望もあり、今後は育児介護の強化が必要との考えあり。,0,0,0,0,1,0,0,0,0,0,0
｢育児介護｣の強化を目的に｢え｣切売提案であれば、検討の余地あり。,0,0,0,0,1,0,0,0,0,0,0
しかし、介護はニーズの把握と課題整理が先決。,0,0,0,0,1,0,0,0,0,0,0
社員の離職防止と採用に、サポート体制として存在させたい,0,0,0,0,0,0,0,0,0,0,1
東武鉄道の副社長からも健康経営についてと被扶養者の受診率改善を行いたい方向性は示されている。,0,0,0,0,0,1,0,0,0,0,0
退会理由について現在、社会福祉法人として国から「処遇改善費」という補助金が支給されており、賃金の上乗せや社員のスキルアップ、福利厚生等に使用している。,0,1,0,0,0,0,0,0,0,0,0
処遇改善費の使途は従業員の意見を重視して決定しているため、従業員に必要性を感じてもらうことが重要となる,0,0,0,0,0,0,0,0,0,1,0
予算縮小して「代替案」を4月以降に向けて考えるとのこと。,0,0,1,0,0,0,0,0,0,0,0
「健康経営優良法人2017（大規模法人部門）～ホワイト500～」に会社は認定されている。,0,0,0,0,0,1,0,0,0,0,0
「サ」に関して健康インセンティブに関して、興味は示して頂いているが、下記3点の為、導入が難しい。,0,0,0,0,0,1,0,0,0,0,0
現在、ITS健保組合に加入しているが、育児の補助が足りないため,0,0,0,0,1,0,0,0,0,0,0
育児補助が必要な社員が増えていくし、採用にも必要だと感じている。,0,0,0,0,1,0,0,0,0,0,0
リフレッシュメインで福利厚生をより充実させようと検討し、問い合わせ,0,0,0,1,0,0,0,0,0,0,0
個人事業主の健康管理のサポートやケガ事故があった際の備えを手厚くサポートしたい。,0,0,0,0,0,1,0,0,0,0,0
池田千恵様と健康保険組合向け健康セミナーおよび事業主向け健康経営の「朝活手帳」を活用した企画などブレスト。,0,0,0,0,0,1,0,0,0,0,0
検討目的福利厚生充実ならびにパート社員離職率防止のアピールの１つとして考えている。,0,0,0,0,0,0,0,0,0,0,1
「女性活躍を推進させたいプラン」の詳細について知りたいため,1,0,0,0,0,0,0,0,0,0,0
今回のケースは、社会課題の解決でもあり協業する事に意義はあると思います。,1,0,0,0,0,0,0,0,0,0,0
利用率低下の可能性として、これまで周知活動は継続的に実施してきたが、職員の関心度が低く素通りされている可能性や、今年度に宿泊利用者メイン層が一気に退職したため、利用数が減ったのではないかという話がでた。,0,0,0,0,0,0,0,0,0,1,0
事務局長としては、職員の離職率の高さに課題感を感じており、何か新しい手だてを打ちたいと考えている。,0,0,0,0,0,0,0,0,0,0,1
老健としても加盟施設の離職率の高さや優秀な人材確保に課題感を抱えていたため、「福利厚生制度の充実」により改革を行いたいと思い立ち、佐賀市役所（人事課松本係長）経由でJBFにお問い合わせを頂く。,0,0,0,0,0,0,0,0,0,0,1
福利厚生の充実による人材確保や離職防止のデータ（一般論的なもの）,0,0,0,0,0,0,0,0,0,0,1
各施設の長の名前を入れることで、人材流出防止につながるのでは（事務長談）。,0,0,0,0,0,0,0,0,0,0,1
制度導入による職員の定着が着地地点。,0,0,0,0,0,0,0,0,0,0,1
本来であれば老健への説明がメインであったが、協会に加盟している法人内の施設のみ対象だと法人内の不公平感があるのではという話になり,0,0,0,0,0,0,1,0,0,0,0
全員に配布し、書面の名前を施設代表者にすれば施設から恩恵を受けていることを実感し、従業員のやる気に繋がるため,0,0,0,1,0,0,0,0,0,0,0
の福利厚生を推進し、職場環境の改善を目的に福利厚生え事業を専門に取り組んでいる,0,0,0,0,0,0,0,1,0,0,0
定着率をあげたい。,0,0,0,0,0,0,0,0,0,0,1
業務を増やしたくない,0,0,1,0,0,0,0,0,0,0,0
定着率を上げたい,0,0,0,0,0,0,0,0,0,0,1
育児介護に対し2つの課題がある。,0,0,0,0,1,0,0,0,0,0,0
介護も介護離職による退職に歯止めをかける。,0,0,0,0,0,0,0,0,0,0,1
職員の出入りも多く、福利厚生を離職ストップの武器にしたいとのこと,0,0,0,0,0,0,0,0,0,0,1
健康重視でスポクラ単体契約も考え、情報収集しているなかでＯＳ発見し、問い合わせした,0,0,0,0,0,1,0,0,0,0,0
若手が増えてきたので、若手職員に喜んでもらえるようなメニューと、育児介護を抱える職員様のサポートを重視。,0,0,0,0,1,0,0,0,0,0,0
意向としては民間法人として独立した以上、独自制度を構築したいが、一部に大阪市のスケールメリットを生かした制度を継続したい意見もあるとの事。,0,0,1,0,0,0,0,0,0,0,0
加盟店の減少に歯止めをかけることが課題。,0,0,0,0,0,0,0,0,0,0,1
組合員の減少に歯止めをかけることが課題。,0,0,0,0,0,0,0,0,0,0,1
まだまだ若手の独身が多いので今は必要ないがいずれ育児補助も充実させたい。,0,0,0,0,1,0,0,0,0,0,0
主要社員及び家族へのアンケートの結果は良好であり、他社競合等の障壁も無いが、後は経費捻出の課題というところ。,0,0,1,0,0,0,0,0,0,0,0
派遣会社で、派遣スタッフの定着に課題,0,0,0,0,0,0,0,0,0,0,1
先月、サンコレの費用対効果が社内で問題になったこともあり、利用が進まないのが悩みの種と仰っていた。,0,0,1,0,0,0,0,0,0,1,0
いつかは訪れる葬儀に備えるという目的で会員組織をつくり入会を促していた。,0,0,0,0,1,0,0,0,0,0,0
葬儀だけではなく、生前や葬儀後の領域までをカバーするワンストップサービスを作りたい。,0,0,0,0,1,0,0,0,0,0,0
在宅医療を行うドクターを支援をしており、その一環として、ドクターなど医療従事者にたいし、福利厚生メニューを提供したいとの問い合わせを受けている。,0,0,0,0,0,1,0,0,0,0,0
ヲタクと呼ばれる社員（何かが欠落しているとのこと）に対しコミュニケーション能力の向上を図りたい,0,1,0,0,0,0,0,0,0,0,0
ヲタクと呼ばれる社員（何かが欠落しているとのこと）に対しコミュニケーション能力の向上を図りたい,0,1,0,0,0,0,0,0,0,0,0
フルＰＫＧ化（有給の取得管理等）された人事システムに重きを置いたとのこと,0,0,1,0,0,0,0,0,0,0,0
育児等で時短社員を増やしいが、そこの穴埋めする人がいないため現時点では難しい。,0,0,0,0,1,0,0,0,0,0,0
「福利厚生立ち上げ委員会」のようなチームを作り、予算550万円でウォーターサーバーを入れたりオフィスDEやさいを取り入れているが利用者が偏っている。,0,0,0,0,0,0,1,0,0,0,0
最近は、「仕事にために資格を取る」という方から「自身の生活に役立てるために資格を取る」という動機で受講を申し込まれる方が増えてきた。,0,1,0,0,0,0,0,0,0,0,0
その背景には、「老後不安」「貯蓄から投資へ」といった社会課題に備えるための心理が働いているのではないかとのこと。,0,1,0,0,0,0,0,0,0,0,0
社員は若いので介護よりも育児を強化したい。,0,0,0,0,1,0,0,0,0,0,0
女性社員は少ないが、育児の福利厚生を強化したい。,0,0,0,0,1,0,0,0,0,0,0
カフェ制度内容について先方部長吉久様は、表向きは自己啓発健康増進（健康診断や人間ドックなど）、育児介護などにむけての制度だが、実際喜ばれるのは余暇だと考えている。,0,0,0,0,1,1,0,0,0,0,0